{
  "preRequisites:11": [
    179841533,
    355107020
  ],
  "properties:10": {
    "betterquesting:10": {
      "desc:8": "No Description",
      "frame:8": "HEXAGON90",
      "icon:10": {
        "Count:3": 1,
        "Damage:2": 937,
        "id:8": "gregtech:mte"
      },
      "name:8": "§4柴油与汽油的消耗战"
    }
  },
  "questID:3": 1800020500,
  "tasks:9": {
    "0:10": {
      "index:3": 0,
      "requiredItems:9": {
        "0:10": {
          "Count:3": 1,
          "Damage:2": 937,
          "id:8": "gregtech:mte"
        }
      },
      "taskID:8": "bq_standard:retrieval"
    }
  }
}