{
  "lineID:3": 1052610336,
  "order:3": 3,
  "properties:10": {
    "betterquesting:10": {
      "desc:8": "从蒸汽时代到电力时代，最开始也是最伟大的一步。",
      "icon:10": {
        "Count:3": 1,
        "Damage:2": 10001,
        "id:8": "gregtech:mte"
      },
      "name:8": "§e§l电力革命§r§f | §7§l低压"
    }
  },
  "quests:9": {
    "0:10": {
      "id:3": 23921477,
      "sizeX:3": 72,
      "sizeY:3": 72,
      "x:3": 156,
      "y:3": 288
    },
    "1:10": {
      "id:3": 33679465,
      "sizeX:3": 72,
      "sizeY:3": 72,
      "x:3": 156,
      "y:3": 360
    },
    "2:10": {
      "id:3": 37465416,
      "sizeX:3": 72,
      "sizeY:3": 72,
      "x:3": 228,
      "y:3": -324
    },
    "3:10": {
      "id:3": 46953909,
      "sizeX:3": 48,
      "sizeY:3": 48,
      "x:3": 240,
      "y:3": 228
    },
    "4:10": {
      "id:3": 58271814,
      "sizeX:3": 48,
      "sizeY:3": 48,
      "x:3": 720,
      "y:3": 168
    },
    "5:10": {
      "id:3": 62846306,
      "sizeX:3": 72,
      "sizeY:3": 72,
      "x:3": 708,
      "y:3": -36
    },
    "6:10": {
      "id:3": 141978247,
      "sizeX:3": 72,
      "sizeY:3": 72,
      "x:3": 228,
      "y:3": -72
    },
    "7:10": {
      "id:3": 168999159,
      "sizeX:3": 48,
      "sizeY:3": 48,
      "x:3": 408,
      "y:3": -276
    },
    "8:10": {
      "id:3": 185791899,
      "sizeX:3": 72,
      "sizeY:3": 72,
      "x:3": 300,
      "y:3": -36
    },
    "9:10": {
      "id:3": 224590458,
      "sizeX:3": 72,
      "sizeY:3": 72,
      "x:3": 600,
      "y:3": 144
    },
    "10:10": {
      "id:3": 264657195,
      "sizeX:3": 48,
      "sizeY:3": 48,
      "x:3": 468,
      "y:3": -24
    },
    "11:10": {
      "id:3": 295559920,
      "sizeX:3": 72,
      "sizeY:3": 72,
      "x:3": 84,
      "y:3": -72
    },
    "12:10": {
      "id:3": 313715849,
      "sizeX:3": 72,
      "sizeY:3": 72,
      "x:3": 396,
      "y:3": -192
    },
    "13:10": {
      "id:3": 352386416,
      "sizeX:3": 72,
      "sizeY:3": 72,
      "x:3": 228,
      "y:3": 288
    },
    "14:10": {
      "id:3": 369071060,
      "sizeX:3": 48,
      "sizeY:3": 48,
      "x:3": 684,
      "y:3": 96
    },
    "15:10": {
      "id:3": 428819210,
      "sizeX:3": 48,
      "sizeY:3": 48,
      "x:3": 792,
      "y:3": 192
    },
    "16:10": {
      "id:3": 436003492,
      "sizeX:3": 72,
      "sizeY:3": 72,
      "x:3": 876,
      "y:3": 168
    },
    "17:10": {
      "id:3": 468179674,
      "sizeX:3": 48,
      "sizeY:3": 48,
      "x:3": 576,
      "y:3": 264
    },
    "18:10": {
      "id:3": 499622618,
      "sizeX:3": 72,
      "sizeY:3": 72,
      "x:3": -36,
      "y:3": 144
    },
    "19:10": {
      "id:3": 516226803,
      "sizeX:3": 72,
      "sizeY:3": 72,
      "x:3": 780,
      "y:3": 348
    },
    "20:10": {
      "id:3": 534261927,
      "sizeX:3": 72,
      "sizeY:3": 72,
      "x:3": 468,
      "y:3": 324
    },
    "21:10": {
      "id:3": 538676299,
      "sizeX:3": 72,
      "sizeY:3": 72,
      "x:3": -36,
      "y:3": -324
    },
    "22:10": {
      "id:3": 541382766,
      "sizeX:3": 48,
      "sizeY:3": 48,
      "x:3": 528,
      "y:3": 156
    },
    "23:10": {
      "id:3": 552625525,
      "sizeX:3": 48,
      "sizeY:3": 48,
      "x:3": 96,
      "y:3": 228
    },
    "24:10": {
      "id:3": 557081992,
      "sizeX:3": 48,
      "sizeY:3": 48,
      "x:3": 528,
      "y:3": 36
    },
    "25:10": {
      "id:3": 565745207,
      "sizeX:3": 48,
      "sizeY:3": 48,
      "x:3": 468,
      "y:3": 96
    },
    "26:10": {
      "id:3": 566748230,
      "sizeX:3": 48,
      "sizeY:3": 48,
      "x:3": 360,
      "y:3": 228
    },
    "27:10": {
      "id:3": 572375757,
      "sizeX:3": 48,
      "sizeY:3": 48,
      "x:3": 96,
      "y:3": 84
    },
    "28:10": {
      "id:3": 574025173,
      "sizeX:3": 72,
      "sizeY:3": 72,
      "x:3": 84,
      "y:3": 288
    },
    "29:10": {
      "id:3": 589853967,
      "sizeX:3": 48,
      "sizeY:3": 48,
      "x:3": 468,
      "y:3": 216
    },
    "30:10": {
      "id:3": 627573784,
      "sizeX:3": 48,
      "sizeY:3": 48,
      "x:3": 168,
      "y:3": -156
    },
    "31:10": {
      "id:3": 641879794,
      "sizeX:3": 72,
      "sizeY:3": 72,
      "x:3": 84,
      "y:3": 0
    },
    "32:10": {
      "id:3": 661128699,
      "sizeX:3": 72,
      "sizeY:3": 72,
      "x:3": 396,
      "y:3": 360
    },
    "33:10": {
      "id:3": 682581782,
      "sizeX:3": 72,
      "sizeY:3": 72,
      "x:3": 228,
      "y:3": 360
    },
    "34:10": {
      "id:3": 694524803,
      "sizeX:3": 48,
      "sizeY:3": 48,
      "x:3": 648,
      "y:3": 264
    },
    "35:10": {
      "id:3": 739841028,
      "sizeX:3": 36,
      "sizeY:3": 36,
      "x:3": -96,
      "y:3": -96
    },
    "36:10": {
      "id:3": 750225339,
      "sizeX:3": 48,
      "sizeY:3": 48,
      "x:3": 132,
      "y:3": -384
    },
    "37:10": {
      "id:3": 783320237,
      "sizeX:3": 48,
      "sizeY:3": 48,
      "x:3": 528,
      "y:3": -108
    },
    "38:10": {
      "id:3": 811483129,
      "sizeX:3": 48,
      "sizeY:3": 48,
      "x:3": 168,
      "y:3": -216
    },
    "39:10": {
      "id:3": 818039944,
      "sizeX:3": 48,
      "sizeY:3": 48,
      "x:3": 324,
      "y:3": 192
    },
    "40:10": {
      "id:3": 873891571,
      "sizeX:3": 36,
      "sizeY:3": 36,
      "x:3": -96,
      "y:3": 60
    },
    "41:10": {
      "id:3": 883624993,
      "sizeX:3": 72,
      "sizeY:3": 72,
      "x:3": -36,
      "y:3": 360
    },
    "42:10": {
      "id:3": 900889184,
      "sizeX:3": 72,
      "sizeY:3": 72,
      "x:3": 300,
      "y:3": 360
    },
    "43:10": {
      "id:3": 918396299,
      "sizeX:3": 48,
      "sizeY:3": 48,
      "x:3": 240,
      "y:3": -216
    },
    "44:10": {
      "id:3": 966160976,
      "sizeX:3": 72,
      "sizeY:3": 72,
      "x:3": 780,
      "y:3": 276
    },
    "45:10": {
      "id:3": 984079896,
      "sizeX:3": 72,
      "sizeY:3": 72,
      "x:3": 228,
      "y:3": 144
    },
    "46:10": {
      "id:3": 1100801994,
      "sizeX:3": 72,
      "sizeY:3": 72,
      "x:3": 84,
      "y:3": 360
    },
    "47:10": {
      "id:3": 1141420396,
      "sizeX:3": 72,
      "sizeY:3": 72,
      "x:3": 156,
      "y:3": -324
    },
    "48:10": {
      "id:3": 1266383014,
      "sizeX:3": 48,
      "sizeY:3": 48,
      "x:3": 408,
      "y:3": 36
    },
    "49:10": {
      "id:3": 1267779891,
      "sizeX:3": 48,
      "sizeY:3": 48,
      "x:3": 504,
      "y:3": -180
    },
    "50:10": {
      "id:3": 1282026756,
      "sizeX:3": 48,
      "sizeY:3": 48,
      "x:3": 816,
      "y:3": -108
    },
    "51:10": {
      "id:3": 1291838572,
      "sizeX:3": 72,
      "sizeY:3": 72,
      "x:3": -36,
      "y:3": -252
    },
    "52:10": {
      "id:3": 1295951929,
      "sizeX:3": 48,
      "sizeY:3": 48,
      "x:3": -120,
      "y:3": -24
    },
    "53:10": {
      "id:3": 1338192913,
      "sizeX:3": 48,
      "sizeY:3": 48,
      "x:3": 816,
      "y:3": -180
    },
    "54:10": {
      "id:3": 1370457451,
      "sizeX:3": 72,
      "sizeY:3": 72,
      "x:3": 780,
      "y:3": 84
    },
    "55:10": {
      "id:3": 1405942846,
      "sizeX:3": 48,
      "sizeY:3": 48,
      "x:3": 504,
      "y:3": -276
    },
    "56:10": {
      "id:3": 1408641165,
      "sizeX:3": 72,
      "sizeY:3": 72,
      "x:3": 708,
      "y:3": -156
    },
    "57:10": {
      "id:3": 1435800964,
      "sizeX:3": 84,
      "sizeY:3": 84,
      "x:3": 600,
      "y:3": -312
    },
    "58:10": {
      "id:3": 1480697747,
      "sizeX:3": 72,
      "sizeY:3": 72,
      "x:3": -36,
      "y:3": 216
    },
    "59:10": {
      "id:3": 1481366878,
      "sizeX:3": 60,
      "sizeY:3": 60,
      "x:3": 312,
      "y:3": -192
    },
    "60:10": {
      "id:3": 1503624632,
      "sizeX:3": 48,
      "sizeY:3": 48,
      "x:3": -24,
      "y:3": 72
    },
    "61:10": {
      "id:3": 1579334975,
      "sizeX:3": 48,
      "sizeY:3": 48,
      "x:3": 96,
      "y:3": -216
    },
    "62:10": {
      "id:3": 1591684656,
      "sizeX:3": 48,
      "sizeY:3": 48,
      "x:3": 888,
      "y:3": -180
    },
    "63:10": {
      "id:3": 1597156033,
      "sizeX:3": 72,
      "sizeY:3": 72,
      "x:3": 228,
      "y:3": 0
    },
    "64:10": {
      "id:3": 1603368197,
      "sizeX:3": 48,
      "sizeY:3": 48,
      "x:3": 96,
      "y:3": -156
    },
    "65:10": {
      "id:3": 1652908572,
      "sizeX:3": 144,
      "sizeY:3": 120,
      "x:3": 552,
      "y:3": -60
    },
    "66:10": {
      "id:3": 1654248190,
      "sizeX:3": 48,
      "sizeY:3": 48,
      "x:3": 324,
      "y:3": 132
    },
    "67:10": {
      "id:3": 1660722430,
      "sizeX:3": 48,
      "sizeY:3": 48,
      "x:3": 360,
      "y:3": 84
    },
    "68:10": {
      "id:3": 1663596177,
      "sizeX:3": 72,
      "sizeY:3": 72,
      "x:3": 708,
      "y:3": -228
    },
    "69:10": {
      "id:3": 1726518730,
      "sizeX:3": 72,
      "sizeY:3": 72,
      "x:3": 156,
      "y:3": 0
    },
    "70:10": {
      "id:3": 1760321674,
      "sizeX:3": 72,
      "sizeY:3": 72,
      "x:3": -36,
      "y:3": 288
    },
    "71:10": {
      "id:3": 1760559890,
      "sizeX:3": 48,
      "sizeY:3": 48,
      "x:3": 504,
      "y:3": -228
    },
    "72:10": {
      "id:3": 1805214138,
      "sizeX:3": 72,
      "sizeY:3": 72,
      "x:3": 396,
      "y:3": 144
    },
    "73:10": {
      "id:3": 1847604030,
      "sizeX:3": 72,
      "sizeY:3": 72,
      "x:3": 156,
      "y:3": -72
    },
    "74:10": {
      "id:3": 1863781240,
      "sizeX:3": 96,
      "sizeY:3": 96,
      "x:3": 660,
      "y:3": 336
    },
    "75:10": {
      "id:3": 1903987527,
      "sizeX:3": 72,
      "sizeY:3": 72,
      "x:3": 156,
      "y:3": 144
    },
    "76:10": {
      "id:3": 1905249503,
      "sizeX:3": 48,
      "sizeY:3": 48,
      "x:3": 240,
      "y:3": -156
    },
    "77:10": {
      "id:3": 1919423198,
      "sizeX:3": 96,
      "sizeY:3": 96,
      "x:3": -48,
      "y:3": -48
    },
    "78:10": {
      "id:3": 1935140119,
      "sizeX:3": 48,
      "sizeY:3": 48,
      "x:3": 600,
      "y:3": -180
    },
    "79:10": {
      "id:3": 1936066148,
      "sizeX:3": 96,
      "sizeY:3": 96,
      "x:3": 864,
      "y:3": -48
    },
    "80:10": {
      "id:3": 1937623655,
      "sizeX:3": 48,
      "sizeY:3": 48,
      "x:3": 36,
      "y:3": 336
    },
    "81:10": {
      "id:3": 1940363270,
      "sizeX:3": 72,
      "sizeY:3": 72,
      "x:3": 84,
      "y:3": 144
    },
    "82:10": {
      "id:3": 1958099300,
      "sizeX:3": 72,
      "sizeY:3": 72,
      "x:3": 396,
      "y:3": 288
    },
    "83:10": {
      "id:3": 1961400618,
      "sizeX:3": 36,
      "sizeY:3": 36,
      "x:3": 324,
      "y:3": -108
    },
    "84:10": {
      "id:3": 2038094250,
      "sizeX:3": 48,
      "sizeY:3": 48,
      "x:3": 408,
      "y:3": -84
    },
    "85:10": {
      "id:3": 2045910074,
      "sizeX:3": 72,
      "sizeY:3": 72,
      "x:3": 804,
      "y:3": -312
    },
    "86:10": {
      "id:3": 2048785376,
      "sizeX:3": 48,
      "sizeY:3": 48,
      "x:3": 576,
      "y:3": 336
    },
    "87:10": {
      "id:3": 2052530456,
      "sizeX:3": 72,
      "sizeY:3": 72,
      "x:3": 84,
      "y:3": -324
    },
    "88:10": {
      "id:3": 2064916392,
      "sizeX:3": 48,
      "sizeY:3": 48,
      "x:3": -24,
      "y:3": -120
    },
    "89:10": {
      "id:3": 2145537710,
      "sizeX:3": 72,
      "sizeY:3": 72,
      "x:3": 300,
      "y:3": 288
    }
  }
}