{
  "lineID:3": 1121539277,
  "order:3": 6,
  "properties:10": {
    "betterquesting:10": {
      "desc:8": "No Description",
      "icon:10": {
        "Count:3": 1,
        "Damage:2": 10004,
        "id:8": "gtlitecore:mte"
      },
      "name:8": "§l§d§l产能升级§r§f | §b§l中压"
    }
  },
  "quests:9": {
    "0:10": {
      "id:3": 62685679,
      "sizeX:3": 96,
      "sizeY:3": 96,
      "x:3": 684,
      "y:3": -48
    },
    "1:10": {
      "id:3": 63436605,
      "sizeX:3": 108,
      "sizeY:3": 108,
      "x:3": 372,
      "y:3": -204
    },
    "2:10": {
      "id:3": 65704285,
      "sizeX:3": 48,
      "sizeY:3": 48,
      "x:3": 264,
      "y:3": -204
    },
    "3:10": {
      "id:3": 105665942,
      "sizeX:3": 96,
      "sizeY:3": 96,
      "x:3": 528,
      "y:3": 48
    },
    "4:10": {
      "id:3": 106777031,
      "sizeX:3": 72,
      "sizeY:3": 72,
      "x:3": 540,
      "y:3": 276
    },
    "5:10": {
      "id:3": 114279738,
      "sizeX:3": 72,
      "sizeY:3": 72,
      "x:3": -36,
      "y:3": 192
    },
    "6:10": {
      "id:3": 160768669,
      "sizeX:3": 72,
      "sizeY:3": 72,
      "x:3": 108,
      "y:3": -36
    },
    "7:10": {
      "id:3": 165361007,
      "sizeX:3": 48,
      "sizeY:3": 48,
      "x:3": 1116,
      "y:3": -96
    },
    "8:10": {
      "id:3": 165460843,
      "sizeX:3": 36,
      "sizeY:3": 36,
      "x:3": 924,
      "y:3": 240
    },
    "9:10": {
      "id:3": 165791622,
      "sizeX:3": 72,
      "sizeY:3": 72,
      "x:3": 840,
      "y:3": -216
    },
    "10:10": {
      "id:3": 187561121,
      "sizeX:3": 120,
      "sizeY:3": 108,
      "x:3": 672,
      "y:3": 240
    },
    "11:10": {
      "id:3": 280732381,
      "sizeX:3": 72,
      "sizeY:3": 72,
      "x:3": 540,
      "y:3": -216
    },
    "12:10": {
      "id:3": 308877360,
      "sizeX:3": 48,
      "sizeY:3": 48,
      "x:3": 48,
      "y:3": -132
    },
    "13:10": {
      "id:3": 309239236,
      "sizeX:3": 48,
      "sizeY:3": 48,
      "x:3": -96,
      "y:3": 48
    },
    "14:10": {
      "id:3": 326203230,
      "sizeX:3": 72,
      "sizeY:3": 72,
      "x:3": 840,
      "y:3": 72
    },
    "15:10": {
      "id:3": 365284284,
      "sizeX:3": 72,
      "sizeY:3": 72,
      "x:3": 324,
      "y:3": 120
    },
    "16:10": {
      "id:3": 411587145,
      "sizeX:3": 48,
      "sizeY:3": 48,
      "x:3": 624,
      "y:3": -120
    },
    "17:10": {
      "id:3": 430260606,
      "sizeX:3": 48,
      "sizeY:3": 48,
      "x:3": 852,
      "y:3": 168
    },
    "18:10": {
      "id:3": 460052093,
      "sizeX:3": 72,
      "sizeY:3": 72,
      "x:3": 240,
      "y:3": 276
    },
    "19:10": {
      "id:3": 466032222,
      "sizeX:3": 72,
      "sizeY:3": 72,
      "x:3": 180,
      "y:3": -36
    },
    "20:10": {
      "id:3": 557288784,
      "sizeX:3": 48,
      "sizeY:3": 48,
      "x:3": -96,
      "y:3": -84
    },
    "21:10": {
      "id:3": 573978952,
      "sizeX:3": 72,
      "sizeY:3": 72,
      "x:3": 1056,
      "y:3": 276
    },
    "22:10": {
      "id:3": 604368358,
      "sizeX:3": 72,
      "sizeY:3": 72,
      "x:3": -36,
      "y:3": 264
    },
    "23:10": {
      "id:3": 633314957,
      "sizeX:3": 72,
      "sizeY:3": 72,
      "x:3": 1068,
      "y:3": 108
    },
    "24:10": {
      "id:3": 693056682,
      "sizeX:3": 72,
      "sizeY:3": 72,
      "x:3": 984,
      "y:3": 276
    },
    "25:10": {
      "id:3": 750814474,
      "sizeX:3": 48,
      "sizeY:3": 48,
      "x:3": 120,
      "y:3": -204
    },
    "26:10": {
      "id:3": 804665990,
      "sizeX:3": 48,
      "sizeY:3": 48,
      "x:3": 996,
      "y:3": 168
    },
    "27:10": {
      "id:3": 835904145,
      "sizeX:3": 48,
      "sizeY:3": 48,
      "x:3": 852,
      "y:3": -24
    },
    "28:10": {
      "id:3": 892806362,
      "sizeX:3": 96,
      "sizeY:3": 96,
      "x:3": 972,
      "y:3": -48
    },
    "29:10": {
      "id:3": 910916973,
      "sizeX:3": 72,
      "sizeY:3": 72,
      "x:3": 444,
      "y:3": -36
    },
    "30:10": {
      "id:3": 923318677,
      "sizeX:3": 48,
      "sizeY:3": 48,
      "x:3": 708,
      "y:3": 168
    },
    "31:10": {
      "id:3": 946868211,
      "sizeX:3": 48,
      "sizeY:3": 48,
      "x:3": 228,
      "y:3": 48
    },
    "32:10": {
      "id:3": 984714720,
      "sizeX:3": 48,
      "sizeY:3": 48,
      "x:3": 708,
      "y:3": 84
    },
    "33:10": {
      "id:3": 1013977296,
      "sizeX:3": 48,
      "sizeY:3": 48,
      "x:3": 156,
      "y:3": 240
    },
    "34:10": {
      "id:3": 1021467502,
      "sizeX:3": 48,
      "sizeY:3": 48,
      "x:3": 120,
      "y:3": -132
    },
    "35:10": {
      "id:3": 1060124818,
      "sizeX:3": 48,
      "sizeY:3": 48,
      "x:3": 48,
      "y:3": -204
    },
    "36:10": {
      "id:3": 1070102724,
      "sizeX:3": 48,
      "sizeY:3": 48,
      "x:3": 432,
      "y:3": 168
    },
    "37:10": {
      "id:3": 1114136535,
      "sizeX:3": 48,
      "sizeY:3": 48,
      "x:3": 552,
      "y:3": -120
    },
    "38:10": {
      "id:3": 1188383443,
      "sizeX:3": 72,
      "sizeY:3": 72,
      "x:3": 324,
      "y:3": 192
    },
    "39:10": {
      "id:3": 1207006283,
      "sizeX:3": 48,
      "sizeY:3": 48,
      "x:3": 708,
      "y:3": -120
    },
    "40:10": {
      "id:3": 1220286723,
      "sizeX:3": 72,
      "sizeY:3": 72,
      "x:3": 984,
      "y:3": -144
    },
    "41:10": {
      "id:3": 1288498615,
      "sizeX:3": 120,
      "sizeY:3": 120,
      "x:3": 120,
      "y:3": 96
    },
    "42:10": {
      "id:3": 1368139219,
      "sizeX:3": 48,
      "sizeY:3": 48,
      "x:3": 264,
      "y:3": -132
    },
    "43:10": {
      "id:3": 1398529010,
      "sizeX:3": 96,
      "sizeY:3": 96,
      "x:3": 1176,
      "y:3": -48
    },
    "44:10": {
      "id:3": 1538617102,
      "sizeX:3": 48,
      "sizeY:3": 48,
      "x:3": 552,
      "y:3": 168
    },
    "45:10": {
      "id:3": 1544202470,
      "sizeX:3": 48,
      "sizeY:3": 48,
      "x:3": 192,
      "y:3": -204
    },
    "46:10": {
      "id:3": 1580032224,
      "sizeX:3": 48,
      "sizeY:3": 48,
      "x:3": 552,
      "y:3": -24
    },
    "47:10": {
      "id:3": 1639589591,
      "sizeX:3": 48,
      "sizeY:3": 48,
      "x:3": 192,
      "y:3": -132
    },
    "48:10": {
      "id:3": 1699594870,
      "sizeX:3": 48,
      "sizeY:3": 48,
      "x:3": 852,
      "y:3": -120
    },
    "49:10": {
      "id:3": 1709257046,
      "sizeX:3": 48,
      "sizeY:3": 48,
      "x:3": 432,
      "y:3": 288
    },
    "50:10": {
      "id:3": 1795666037,
      "sizeX:3": 72,
      "sizeY:3": 72,
      "x:3": 984,
      "y:3": 72
    },
    "51:10": {
      "id:3": 1881742610,
      "sizeX:3": 72,
      "sizeY:3": 72,
      "x:3": 840,
      "y:3": 276
    },
    "52:10": {
      "id:3": 1917552849,
      "sizeX:3": 48,
      "sizeY:3": 48,
      "x:3": -24,
      "y:3": -132
    },
    "53:10": {
      "id:3": 1926964230,
      "sizeX:3": 72,
      "sizeY:3": 72,
      "x:3": 324,
      "y:3": -36
    },
    "54:10": {
      "id:3": 1936066148,
      "sizeX:3": 96,
      "sizeY:3": 96,
      "x:3": -48,
      "y:3": -48
    },
    "55:10": {
      "id:3": 1973704670,
      "sizeX:3": 72,
      "sizeY:3": 72,
      "x:3": -84,
      "y:3": 228
    },
    "56:10": {
      "id:3": 2027403774,
      "sizeX:3": 48,
      "sizeY:3": 48,
      "x:3": 72,
      "y:3": 240
    },
    "57:10": {
      "id:3": 2052161102,
      "sizeX:3": 72,
      "sizeY:3": 72,
      "x:3": 612,
      "y:3": -216
    },
    "58:10": {
      "id:3": 2057720653,
      "sizeX:3": 72,
      "sizeY:3": 72,
      "x:3": 252,
      "y:3": -36
    },
    "59:10": {
      "id:3": 2088673486,
      "sizeX:3": 72,
      "sizeY:3": 72,
      "x:3": -36,
      "y:3": 84
    }
  }
}