{
  "lineID:3": 1509941381,
  "order:3": 4,
  "properties:10": {
    "betterquesting:10": {
      "desc:8": "No Description",
      "icon:10": {
        "Count:3": 1,
        "Damage:2": 581,
        "id:8": "gregtech:meta_item_1"
      },
      "name:8": "§a§l如何发电"
    }
  },
  "quests:9": {
    "0:10": {
      "id:3": 37836067,
      "sizeX:3": 48,
      "sizeY:3": 48,
      "x:3": 60,
      "y:3": 360
    },
    "1:10": {
      "id:3": 74071904,
      "sizeX:3": 48,
      "sizeY:3": 48,
      "x:3": 276,
      "y:3": 168
    },
    "2:10": {
      "id:3": 179841533,
      "sizeX:3": 72,
      "sizeY:3": 72,
      "x:3": -36,
      "y:3": 156
    },
    "3:10": {
      "id:3": 220930250,
      "sizeX:3": 48,
      "sizeY:3": 48,
      "x:3": 204,
      "y:3": 72
    },
    "4:10": {
      "id:3": 251087430,
      "sizeX:3": 72,
      "sizeY:3": 72,
      "x:3": -36,
      "y:3": 60
    },
    "5:10": {
      "id:3": 294225384,
      "sizeX:3": 48,
      "sizeY:3": 48,
      "x:3": 276,
      "y:3": 72
    },
    "6:10": {
      "id:3": 301351787,
      "sizeX:3": 48,
      "sizeY:3": 48,
      "x:3": 60,
      "y:3": 72
    },
    "7:10": {
      "id:3": 310647870,
      "sizeX:3": 48,
      "sizeY:3": 48,
      "x:3": 204,
      "y:3": -24
    },
    "8:10": {
      "id:3": 338385471,
      "sizeX:3": 48,
      "sizeY:3": 48,
      "x:3": 204,
      "y:3": 168
    },
    "9:10": {
      "id:3": 355107020,
      "sizeX:3": 48,
      "sizeY:3": 48,
      "x:3": 132,
      "y:3": 72
    },
    "10:10": {
      "id:3": 494226247,
      "sizeX:3": 72,
      "sizeY:3": 72,
      "x:3": -36,
      "y:3": 636
    },
    "11:10": {
      "id:3": 533505211,
      "sizeX:3": 48,
      "sizeY:3": 48,
      "x:3": 420,
      "y:3": 168
    },
    "12:10": {
      "id:3": 557081992,
      "sizeX:3": 48,
      "sizeY:3": 48,
      "x:3": 420,
      "y:3": -24
    },
    "13:10": {
      "id:3": 621014539,
      "sizeX:3": 48,
      "sizeY:3": 48,
      "x:3": 420,
      "y:3": 264
    },
    "14:10": {
      "id:3": 670053525,
      "sizeX:3": 48,
      "sizeY:3": 48,
      "x:3": 420,
      "y:3": 360
    },
    "15:10": {
      "id:3": 782579220,
      "sizeX:3": 48,
      "sizeY:3": 48,
      "x:3": 276,
      "y:3": 264
    },
    "16:10": {
      "id:3": 910867444,
      "sizeX:3": 48,
      "sizeY:3": 48,
      "x:3": 492,
      "y:3": 360
    },
    "17:10": {
      "id:3": 953205596,
      "sizeX:3": 48,
      "sizeY:3": 48,
      "x:3": 348,
      "y:3": 168
    },
    "18:10": {
      "id:3": 1023355080,
      "sizeX:3": 72,
      "sizeY:3": 72,
      "x:3": -36,
      "y:3": -36
    },
    "19:10": {
      "id:3": 1120320531,
      "sizeX:3": 48,
      "sizeY:3": 48,
      "x:3": 420,
      "y:3": 456
    },
    "20:10": {
      "id:3": 1176611413,
      "sizeX:3": 48,
      "sizeY:3": 48,
      "x:3": 60,
      "y:3": 552
    },
    "21:10": {
      "id:3": 1213995634,
      "sizeX:3": 48,
      "sizeY:3": 48,
      "x:3": 492,
      "y:3": 264
    },
    "22:10": {
      "id:3": 1263098444,
      "sizeX:3": 72,
      "sizeY:3": 72,
      "x:3": -36,
      "y:3": 540
    },
    "23:10": {
      "id:3": 1273790036,
      "sizeX:3": 72,
      "sizeY:3": 72,
      "x:3": -36,
      "y:3": 444
    },
    "24:10": {
      "id:3": 1398707307,
      "sizeX:3": 48,
      "sizeY:3": 48,
      "x:3": 348,
      "y:3": 264
    },
    "25:10": {
      "id:3": 1731131667,
      "sizeX:3": 48,
      "sizeY:3": 48,
      "x:3": 132,
      "y:3": -24
    },
    "26:10": {
      "id:3": 1773356308,
      "sizeX:3": 48,
      "sizeY:3": 48,
      "x:3": 348,
      "y:3": 360
    },
    "27:10": {
      "id:3": 1773698161,
      "sizeX:3": 72,
      "sizeY:3": 72,
      "x:3": -36,
      "y:3": 348
    },
    "28:10": {
      "id:3": 1775197747,
      "sizeX:3": 48,
      "sizeY:3": 48,
      "x:3": 60,
      "y:3": -24
    },
    "29:10": {
      "id:3": 1800020500,
      "sizeX:3": 48,
      "sizeY:3": 48,
      "x:3": 132,
      "y:3": 168
    },
    "30:10": {
      "id:3": 1800338614,
      "sizeX:3": 48,
      "sizeY:3": 48,
      "x:3": 60,
      "y:3": 456
    },
    "31:10": {
      "id:3": 1861594375,
      "sizeX:3": 72,
      "sizeY:3": 72,
      "x:3": -36,
      "y:3": 252
    },
    "32:10": {
      "id:3": 1928240003,
      "sizeX:3": 48,
      "sizeY:3": 48,
      "x:3": 564,
      "y:3": 264
    },
    "33:10": {
      "id:3": 2004440720,
      "sizeX:3": 48,
      "sizeY:3": 48,
      "x:3": 492,
      "y:3": 168
    },
    "34:10": {
      "id:3": 2027717779,
      "sizeX:3": 48,
      "sizeY:3": 48,
      "x:3": 60,
      "y:3": 264
    },
    "35:10": {
      "id:3": 2062515176,
      "sizeX:3": 48,
      "sizeY:3": 48,
      "x:3": 60,
      "y:3": 168
    },
    "36:10": {
      "id:3": 2074486534,
      "sizeX:3": 48,
      "sizeY:3": 48,
      "x:3": 60,
      "y:3": 648
    }
  }
}