{
  "lineID:3": 1844759518,
  "order:3": 9,
  "properties:10": {
    "betterquesting:10": {
      "desc:8": "No Description",
      "icon:10": {
        "Count:3": 1,
        "Damage:2": 2,
        "id:8": "gregtech:warning_sign"
      },
      "name:8": "§c§l核能之星"
    }
  },
  "quests:9": {
    "0:10": {
      "id:3": 22309963,
      "sizeX:3": 24,
      "sizeY:3": 24,
      "x:3": -216,
      "y:3": -120
    },
    "1:10": {
      "id:3": 165241322,
      "sizeX:3": 24,
      "sizeY:3": 24,
      "x:3": -144,
      "y:3": 24
    },
    "2:10": {
      "id:3": 371633949,
      "sizeX:3": 24,
      "sizeY:3": 24,
      "x:3": -12,
      "y:3": -60
    },
    "3:10": {
      "id:3": 621014539,
      "sizeX:3": 48,
      "sizeY:3": 48,
      "x:3": -24,
      "y:3": -24
    },
    "4:10": {
      "id:3": 641044601,
      "sizeX:3": 24,
      "sizeY:3": 24,
      "x:3": 24,
      "y:3": -48
    },
    "5:10": {
      "id:3": 684008546,
      "sizeX:3": 24,
      "sizeY:3": 24,
      "x:3": -144,
      "y:3": -120
    },
    "6:10": {
      "id:3": 684336659,
      "sizeX:3": 24,
      "sizeY:3": 24,
      "x:3": -216,
      "y:3": 24
    },
    "7:10": {
      "id:3": 691724733,
      "sizeX:3": 48,
      "sizeY:3": 48,
      "x:3": -192,
      "y:3": -24
    },
    "8:10": {
      "id:3": 951351428,
      "sizeX:3": 24,
      "sizeY:3": 24,
      "x:3": -144,
      "y:3": -48
    },
    "9:10": {
      "id:3": 1119858915,
      "sizeX:3": 24,
      "sizeY:3": 24,
      "x:3": -180,
      "y:3": 36
    },
    "10:10": {
      "id:3": 1120320531,
      "sizeX:3": 24,
      "sizeY:3": 24,
      "x:3": -12,
      "y:3": 72
    },
    "11:10": {
      "id:3": 1133139636,
      "sizeX:3": 24,
      "sizeY:3": 24,
      "x:3": 24,
      "y:3": 24
    },
    "12:10": {
      "id:3": 1213995634,
      "sizeX:3": 24,
      "sizeY:3": 24,
      "x:3": -12,
      "y:3": 36
    },
    "13:10": {
      "id:3": 1262227851,
      "sizeX:3": 24,
      "sizeY:3": 24,
      "x:3": 72,
      "y:3": -12
    },
    "14:10": {
      "id:3": 1371896621,
      "sizeX:3": 24,
      "sizeY:3": 24,
      "x:3": -144,
      "y:3": -84
    },
    "15:10": {
      "id:3": 1387463929,
      "sizeX:3": 24,
      "sizeY:3": 24,
      "x:3": -60,
      "y:3": -12
    },
    "16:10": {
      "id:3": 1464280039,
      "sizeX:3": 24,
      "sizeY:3": 24,
      "x:3": -96,
      "y:3": -12
    },
    "17:10": {
      "id:3": 1474142456,
      "sizeX:3": 24,
      "sizeY:3": 24,
      "x:3": -216,
      "y:3": -48
    },
    "18:10": {
      "id:3": 1513557014,
      "sizeX:3": 24,
      "sizeY:3": 24,
      "x:3": -132,
      "y:3": -12
    },
    "19:10": {
      "id:3": 1531987821,
      "sizeX:3": 24,
      "sizeY:3": 24,
      "x:3": -216,
      "y:3": -84
    },
    "20:10": {
      "id:3": 1578798472,
      "sizeX:3": 24,
      "sizeY:3": 24,
      "x:3": -48,
      "y:3": 24
    },
    "21:10": {
      "id:3": 1665051102,
      "sizeX:3": 24,
      "sizeY:3": 24,
      "x:3": -228,
      "y:3": -12
    },
    "22:10": {
      "id:3": 1720750929,
      "sizeX:3": 24,
      "sizeY:3": 24,
      "x:3": -48,
      "y:3": -48
    },
    "23:10": {
      "id:3": 1749720537,
      "sizeX:3": 24,
      "sizeY:3": 24,
      "x:3": 36,
      "y:3": -12
    },
    "24:10": {
      "id:3": 1914145006,
      "sizeX:3": 24,
      "sizeY:3": 24,
      "x:3": -180,
      "y:3": -60
    }
  }
}