{
  "lineID:3": 1868627010,
  "order:3": 8,
  "properties:10": {
    "betterquesting:10": {
      "desc:8": "No Description",
      "icon:10": {
        "Count:3": 1,
        "Damage:2": 10008,
        "id:8": "gtlitecore:mte"
      },
      "name:8": "§3§l资源统合§r§f | §l§5§l超高压"
    }
  },
  "quests:9": {
    "0:10": {
      "id:3": 8079477,
      "sizeX:3": 108,
      "sizeY:3": 72,
      "x:3": 456,
      "y:3": -168
    },
    "1:10": {
      "id:3": 63444154,
      "sizeX:3": 48,
      "sizeY:3": 48,
      "x:3": -24,
      "y:3": 144
    },
    "2:10": {
      "id:3": 69693529,
      "sizeX:3": 96,
      "sizeY:3": 96,
      "x:3": 456,
      "y:3": -48
    },
    "3:10": {
      "id:3": 153924098,
      "sizeX:3": 36,
      "sizeY:3": 36,
      "x:3": 492,
      "y:3": -228
    },
    "4:10": {
      "id:3": 194896510,
      "sizeX:3": 48,
      "sizeY:3": 48,
      "x:3": 132,
      "y:3": -120
    },
    "5:10": {
      "id:3": 216836520,
      "sizeX:3": 48,
      "sizeY:3": 48,
      "x:3": -24,
      "y:3": 228
    },
    "6:10": {
      "id:3": 246680667,
      "sizeX:3": 72,
      "sizeY:3": 72,
      "x:3": 840,
      "y:3": -36
    },
    "7:10": {
      "id:3": 284636368,
      "sizeX:3": 48,
      "sizeY:3": 48,
      "x:3": 552,
      "y:3": 288
    },
    "8:10": {
      "id:3": 315406018,
      "sizeX:3": 72,
      "sizeY:3": 72,
      "x:3": 840,
      "y:3": 180
    },
    "9:10": {
      "id:3": 344966365,
      "sizeX:3": 72,
      "sizeY:3": 72,
      "x:3": 48,
      "y:3": 180
    },
    "10:10": {
      "id:3": 370628568,
      "sizeX:3": 120,
      "sizeY:3": 120,
      "x:3": 816,
      "y:3": -192
    },
    "11:10": {
      "id:3": 372410605,
      "sizeX:3": 48,
      "sizeY:3": 48,
      "x:3": 276,
      "y:3": -120
    },
    "12:10": {
      "id:3": 413207095,
      "sizeX:3": 48,
      "sizeY:3": 48,
      "x:3": 960,
      "y:3": -156
    },
    "13:10": {
      "id:3": 433414213,
      "sizeX:3": 48,
      "sizeY:3": 48,
      "x:3": -24,
      "y:3": 72
    },
    "14:10": {
      "id:3": 613890771,
      "sizeX:3": 72,
      "sizeY:3": 72,
      "x:3": 360,
      "y:3": -168
    },
    "15:10": {
      "id:3": 621014539,
      "sizeX:3": 120,
      "sizeY:3": 108,
      "x:3": 168,
      "y:3": 168
    },
    "16:10": {
      "id:3": 624262503,
      "sizeX:3": 48,
      "sizeY:3": 48,
      "x:3": 960,
      "y:3": -24
    },
    "17:10": {
      "id:3": 691724733,
      "sizeX:3": 72,
      "sizeY:3": 60,
      "x:3": 468,
      "y:3": 192
    },
    "18:10": {
      "id:3": 703566290,
      "sizeX:3": 108,
      "sizeY:3": 72,
      "x:3": 684,
      "y:3": -168
    },
    "19:10": {
      "id:3": 721787158,
      "sizeX:3": 48,
      "sizeY:3": 48,
      "x:3": 600,
      "y:3": -156
    },
    "20:10": {
      "id:3": 729670294,
      "sizeX:3": 48,
      "sizeY:3": 48,
      "x:3": 204,
      "y:3": 84
    },
    "21:10": {
      "id:3": 740430162,
      "sizeX:3": 48,
      "sizeY:3": 48,
      "x:3": 132,
      "y:3": -192
    },
    "22:10": {
      "id:3": 756445674,
      "sizeX:3": 36,
      "sizeY:3": 36,
      "x:3": 648,
      "y:3": 84
    },
    "23:10": {
      "id:3": 844939902,
      "sizeX:3": 48,
      "sizeY:3": 48,
      "x:3": 852,
      "y:3": 96
    },
    "24:10": {
      "id:3": 951351428,
      "sizeX:3": 60,
      "sizeY:3": 60,
      "x:3": 372,
      "y:3": 192
    },
    "25:10": {
      "id:3": 1037544950,
      "sizeX:3": 48,
      "sizeY:3": 48,
      "x:3": -24,
      "y:3": -120
    },
    "26:10": {
      "id:3": 1044211285,
      "sizeX:3": 48,
      "sizeY:3": 48,
      "x:3": 60,
      "y:3": 288
    },
    "27:10": {
      "id:3": 1060043275,
      "sizeX:3": 72,
      "sizeY:3": 48,
      "x:3": 708,
      "y:3": 96
    },
    "28:10": {
      "id:3": 1173487752,
      "sizeX:3": 72,
      "sizeY:3": 72,
      "x:3": 396,
      "y:3": 276
    },
    "29:10": {
      "id:3": 1193316526,
      "sizeX:3": 96,
      "sizeY:3": 96,
      "x:3": -48,
      "y:3": -48
    },
    "30:10": {
      "id:3": 1203902884,
      "sizeX:3": 72,
      "sizeY:3": 72,
      "x:3": 948,
      "y:3": 132
    },
    "31:10": {
      "id:3": 1247776567,
      "sizeX:3": 48,
      "sizeY:3": 48,
      "x:3": 204,
      "y:3": -120
    },
    "32:10": {
      "id:3": 1277132626,
      "sizeX:3": 72,
      "sizeY:3": 72,
      "x:3": 264,
      "y:3": -36
    },
    "33:10": {
      "id:3": 1364447561,
      "sizeX:3": 72,
      "sizeY:3": 72,
      "x:3": 468,
      "y:3": 276
    },
    "34:10": {
      "id:3": 1417240230,
      "sizeX:3": 36,
      "sizeY:3": 36,
      "x:3": 564,
      "y:3": 84
    },
    "35:10": {
      "id:3": 1439863665,
      "sizeX:3": 48,
      "sizeY:3": 48,
      "x:3": 720,
      "y:3": 180
    },
    "36:10": {
      "id:3": 1441687062,
      "sizeX:3": 132,
      "sizeY:3": 132,
      "x:3": 1056,
      "y:3": 108
    },
    "37:10": {
      "id:3": 1494545198,
      "sizeX:3": 48,
      "sizeY:3": 48,
      "x:3": 132,
      "y:3": 84
    },
    "38:10": {
      "id:3": 1513557014,
      "sizeX:3": 36,
      "sizeY:3": 36,
      "x:3": 300,
      "y:3": 204
    },
    "39:10": {
      "id:3": 1556705800,
      "sizeX:3": 72,
      "sizeY:3": 72,
      "x:3": 192,
      "y:3": 288
    },
    "40:10": {
      "id:3": 1601597336,
      "sizeX:3": 72,
      "sizeY:3": 72,
      "x:3": 588,
      "y:3": -36
    },
    "41:10": {
      "id:3": 1621177673,
      "sizeX:3": 96,
      "sizeY:3": 96,
      "x:3": 936,
      "y:3": 264
    },
    "42:10": {
      "id:3": 1651676736,
      "sizeX:3": 48,
      "sizeY:3": 48,
      "x:3": 372,
      "y:3": -24
    },
    "43:10": {
      "id:3": 1658935733,
      "sizeX:3": 72,
      "sizeY:3": 72,
      "x:3": 192,
      "y:3": -36
    },
    "44:10": {
      "id:3": 1730465746,
      "sizeX:3": 48,
      "sizeY:3": 48,
      "x:3": 60,
      "y:3": -192
    },
    "45:10": {
      "id:3": 1769267826,
      "sizeX:3": 48,
      "sizeY:3": 72,
      "x:3": 60,
      "y:3": 72
    },
    "46:10": {
      "id:3": 1782299287,
      "sizeX:3": 72,
      "sizeY:3": 72,
      "x:3": 360,
      "y:3": 72
    },
    "47:10": {
      "id:3": 1851298800,
      "sizeX:3": 96,
      "sizeY:3": 96,
      "x:3": 696,
      "y:3": -48
    },
    "48:10": {
      "id:3": 1856935055,
      "sizeX:3": 48,
      "sizeY:3": 48,
      "x:3": 204,
      "y:3": -192
    },
    "49:10": {
      "id:3": 1870555758,
      "sizeX:3": 96,
      "sizeY:3": 96,
      "x:3": 1104,
      "y:3": -48
    },
    "50:10": {
      "id:3": 1889668847,
      "sizeX:3": 72,
      "sizeY:3": 72,
      "x:3": 324,
      "y:3": 276
    },
    "51:10": {
      "id:3": 1893628510,
      "sizeX:3": 72,
      "sizeY:3": 72,
      "x:3": 948,
      "y:3": 60
    },
    "52:10": {
      "id:3": 1909574803,
      "sizeX:3": 72,
      "sizeY:3": 72,
      "x:3": 780,
      "y:3": 276
    },
    "53:10": {
      "id:3": 1934932928,
      "sizeX:3": 48,
      "sizeY:3": 48,
      "x:3": 60,
      "y:3": -120
    },
    "54:10": {
      "id:3": 1949954841,
      "sizeX:3": 72,
      "sizeY:3": 72,
      "x:3": 468,
      "y:3": 96
    },
    "55:10": {
      "id:3": 1953466077,
      "sizeX:3": 48,
      "sizeY:3": 48,
      "x:3": 276,
      "y:3": 84
    },
    "56:10": {
      "id:3": 2077646469,
      "sizeX:3": 48,
      "sizeY:3": 48,
      "x:3": 276,
      "y:3": -192
    },
    "57:10": {
      "id:3": 2080736484,
      "sizeX:3": 72,
      "sizeY:3": 72,
      "x:3": 588,
      "y:3": 156
    },
    "58:10": {
      "id:3": 2111386174,
      "sizeX:3": 72,
      "sizeY:3": 72,
      "x:3": 120,
      "y:3": -36
    },
    "59:10": {
      "id:3": 2121406110,
      "sizeX:3": 132,
      "sizeY:3": 108,
      "x:3": 624,
      "y:3": 264
    }
  }
}