{
  "lineID:3": 2031103779,
  "order:3": 2,
  "properties:10": {
    "betterquesting:10": {
      "desc:8": "从小型机器到大型机器，生产力进步的体现。",
      "icon:10": {
        "Count:3": 1,
        "Damage:2": 10019,
        "id:8": "gregtech:mte"
      },
      "name:8": "§6§l批量生产"
    }
  },
  "quests:9": {
    "0:10": {
      "id:3": 216785235,
      "sizeX:3": 48,
      "sizeY:3": 48,
      "x:3": 240,
      "y:3": 240
    },
    "1:10": {
      "id:3": 282482452,
      "sizeX:3": 48,
      "sizeY:3": 48,
      "x:3": 312,
      "y:3": 36
    },
    "2:10": {
      "id:3": 295458084,
      "sizeX:3": 72,
      "sizeY:3": 72,
      "x:3": -36,
      "y:3": -36
    },
    "3:10": {
      "id:3": 407379208,
      "sizeX:3": 48,
      "sizeY:3": 48,
      "x:3": 780,
      "y:3": 312
    },
    "4:10": {
      "id:3": 412783035,
      "sizeX:3": 48,
      "sizeY:3": 48,
      "x:3": 492,
      "y:3": 144
    },
    "5:10": {
      "id:3": 419793592,
      "sizeX:3": 48,
      "sizeY:3": 48,
      "x:3": 636,
      "y:3": 144
    },
    "6:10": {
      "id:3": 448720973,
      "sizeX:3": 48,
      "sizeY:3": 48,
      "x:3": 312,
      "y:3": -24
    },
    "7:10": {
      "id:3": 451958516,
      "sizeX:3": 48,
      "sizeY:3": 48,
      "x:3": 240,
      "y:3": 384
    },
    "8:10": {
      "id:3": 491700739,
      "sizeX:3": 48,
      "sizeY:3": 48,
      "x:3": 48,
      "y:3": 12
    },
    "9:10": {
      "id:3": 495102496,
      "sizeX:3": 48,
      "sizeY:3": 48,
      "x:3": 564,
      "y:3": 12
    },
    "10:10": {
      "id:3": 503306379,
      "sizeX:3": 48,
      "sizeY:3": 48,
      "x:3": 888,
      "y:3": 240
    },
    "11:10": {
      "id:3": 514601571,
      "sizeX:3": 72,
      "sizeY:3": 72,
      "x:3": 228,
      "y:3": -36
    },
    "12:10": {
      "id:3": 525316230,
      "sizeX:3": 48,
      "sizeY:3": 48,
      "x:3": 528,
      "y:3": 276
    },
    "13:10": {
      "id:3": 547089585,
      "sizeX:3": 48,
      "sizeY:3": 48,
      "x:3": 168,
      "y:3": -24
    },
    "14:10": {
      "id:3": 553104161,
      "sizeX:3": 48,
      "sizeY:3": 48,
      "x:3": 168,
      "y:3": 36
    },
    "15:10": {
      "id:3": 605410953,
      "sizeX:3": 48,
      "sizeY:3": 48,
      "x:3": 600,
      "y:3": 276
    },
    "16:10": {
      "id:3": 661830037,
      "sizeX:3": 48,
      "sizeY:3": 48,
      "x:3": 816,
      "y:3": 384
    },
    "17:10": {
      "id:3": 729402919,
      "sizeX:3": 48,
      "sizeY:3": 48,
      "x:3": 780,
      "y:3": 144
    },
    "18:10": {
      "id:3": 736694571,
      "sizeX:3": 48,
      "sizeY:3": 48,
      "x:3": 564,
      "y:3": 216
    },
    "19:10": {
      "id:3": 736723837,
      "sizeX:3": 48,
      "sizeY:3": 48,
      "x:3": 168,
      "y:3": -84
    },
    "20:10": {
      "id:3": 748439490,
      "sizeX:3": 48,
      "sizeY:3": 48,
      "x:3": 312,
      "y:3": 312
    },
    "21:10": {
      "id:3": 768919097,
      "sizeX:3": 48,
      "sizeY:3": 48,
      "x:3": -96,
      "y:3": 144
    },
    "22:10": {
      "id:3": 802457973,
      "sizeX:3": 48,
      "sizeY:3": 48,
      "x:3": 696,
      "y:3": 108
    },
    "23:10": {
      "id:3": 827358167,
      "sizeX:3": 48,
      "sizeY:3": 48,
      "x:3": 816,
      "y:3": 240
    },
    "24:10": {
      "id:3": 843689419,
      "sizeX:3": 48,
      "sizeY:3": 48,
      "x:3": 888,
      "y:3": -96
    },
    "25:10": {
      "id:3": 907088952,
      "sizeX:3": 72,
      "sizeY:3": 72,
      "x:3": 552,
      "y:3": 132
    },
    "26:10": {
      "id:3": 960756305,
      "sizeX:3": 72,
      "sizeY:3": 72,
      "x:3": 228,
      "y:3": 300
    },
    "27:10": {
      "id:3": 1037440278,
      "sizeX:3": 48,
      "sizeY:3": 48,
      "x:3": 240,
      "y:3": -96
    },
    "28:10": {
      "id:3": 1043545431,
      "sizeX:3": 48,
      "sizeY:3": 48,
      "x:3": 312,
      "y:3": 252
    },
    "29:10": {
      "id:3": 1046111727,
      "sizeX:3": 48,
      "sizeY:3": 48,
      "x:3": -24,
      "y:3": -96
    },
    "30:10": {
      "id:3": 1209422763,
      "sizeX:3": 48,
      "sizeY:3": 48,
      "x:3": 564,
      "y:3": 72
    },
    "31:10": {
      "id:3": 1319195327,
      "sizeX:3": 48,
      "sizeY:3": 48,
      "x:3": 48,
      "y:3": 312
    },
    "32:10": {
      "id:3": 1347375077,
      "sizeX:3": 48,
      "sizeY:3": 48,
      "x:3": -96,
      "y:3": -48
    },
    "33:10": {
      "id:3": 1406990536,
      "sizeX:3": 48,
      "sizeY:3": 48,
      "x:3": 636,
      "y:3": 204
    },
    "34:10": {
      "id:3": 1408791673,
      "sizeX:3": 72,
      "sizeY:3": 72,
      "x:3": -36,
      "y:3": 300
    },
    "35:10": {
      "id:3": 1442493560,
      "sizeX:3": 48,
      "sizeY:3": 48,
      "x:3": 492,
      "y:3": 84
    },
    "36:10": {
      "id:3": 1449605975,
      "sizeX:3": 48,
      "sizeY:3": 48,
      "x:3": 924,
      "y:3": 312
    },
    "37:10": {
      "id:3": 1450777975,
      "sizeX:3": 48,
      "sizeY:3": 48,
      "x:3": 492,
      "y:3": 204
    },
    "38:10": {
      "id:3": 1454474719,
      "sizeX:3": 72,
      "sizeY:3": 72,
      "x:3": 840,
      "y:3": 300
    },
    "39:10": {
      "id:3": 1476876086,
      "sizeX:3": 48,
      "sizeY:3": 48,
      "x:3": 636,
      "y:3": 84
    },
    "40:10": {
      "id:3": 1491690999,
      "sizeX:3": 48,
      "sizeY:3": 48,
      "x:3": 168,
      "y:3": 312
    },
    "41:10": {
      "id:3": 1530782806,
      "sizeX:3": 48,
      "sizeY:3": 48,
      "x:3": 312,
      "y:3": 372
    },
    "42:10": {
      "id:3": 1546880750,
      "sizeX:3": 72,
      "sizeY:3": 72,
      "x:3": 840,
      "y:3": -36
    },
    "43:10": {
      "id:3": 1550807941,
      "sizeX:3": 48,
      "sizeY:3": 48,
      "x:3": 924,
      "y:3": 144
    },
    "44:10": {
      "id:3": 1568383685,
      "sizeX:3": 48,
      "sizeY:3": 48,
      "x:3": 168,
      "y:3": 252
    },
    "45:10": {
      "id:3": 1651216880,
      "sizeX:3": 48,
      "sizeY:3": 48,
      "x:3": 432,
      "y:3": 180
    },
    "46:10": {
      "id:3": 1723822567,
      "sizeX:3": 48,
      "sizeY:3": 48,
      "x:3": 696,
      "y:3": 168
    },
    "47:10": {
      "id:3": 1762937559,
      "sizeX:3": 48,
      "sizeY:3": 48,
      "x:3": 312,
      "y:3": -84
    },
    "48:10": {
      "id:3": 1767963330,
      "sizeX:3": 48,
      "sizeY:3": 48,
      "x:3": 816,
      "y:3": -96
    },
    "49:10": {
      "id:3": 1780310890,
      "sizeX:3": 48,
      "sizeY:3": 48,
      "x:3": 432,
      "y:3": 108
    },
    "50:10": {
      "id:3": 1786456694,
      "sizeX:3": 48,
      "sizeY:3": 48,
      "x:3": 888,
      "y:3": 384
    },
    "51:10": {
      "id:3": 1807157763,
      "sizeX:3": 48,
      "sizeY:3": 48,
      "x:3": 852,
      "y:3": 48
    },
    "52:10": {
      "id:3": 1836033087,
      "sizeX:3": 48,
      "sizeY:3": 48,
      "x:3": -96,
      "y:3": 348
    },
    "53:10": {
      "id:3": 1905885833,
      "sizeX:3": 48,
      "sizeY:3": 48,
      "x:3": 168,
      "y:3": 372
    },
    "54:10": {
      "id:3": 1923555583,
      "sizeX:3": 48,
      "sizeY:3": 48,
      "x:3": -96,
      "y:3": 288
    },
    "55:10": {
      "id:3": 1928195702,
      "sizeX:3": 48,
      "sizeY:3": 48,
      "x:3": 48,
      "y:3": -48
    },
    "56:10": {
      "id:3": 2004151966,
      "sizeX:3": 48,
      "sizeY:3": 48,
      "x:3": 924,
      "y:3": -24
    },
    "57:10": {
      "id:3": 2027694486,
      "sizeX:3": 48,
      "sizeY:3": 48,
      "x:3": -96,
      "y:3": 12
    },
    "58:10": {
      "id:3": 2116930246,
      "sizeX:3": 48,
      "sizeY:3": 48,
      "x:3": 780,
      "y:3": -24
    },
    "59:10": {
      "id:3": 2118886718,
      "sizeX:3": 72,
      "sizeY:3": 72,
      "x:3": 840,
      "y:3": 132
    },
    "60:10": {
      "id:3": 2130252233,
      "sizeX:3": 72,
      "sizeY:3": 72,
      "x:3": -36,
      "y:3": 132
    }
  }
}