{
  "lineID:3": 343719817,
  "order:3": 7,
  "properties:10": {
    "betterquesting:10": {
      "desc:8": "No Description",
      "icon:10": {
        "Count:3": 1,
        "Damage:2": 10002,
        "id:8": "gregtech:mte"
      },
      "name:8": "§9§l化工起步§r§f | §6§l高压"
    }
  },
  "quests:9": {
    "0:10": {
      "id:3": 10628027,
      "sizeX:3": 72,
      "sizeY:3": 72,
      "x:3": 324,
      "y:3": -36
    },
    "1:10": {
      "id:3": 97663117,
      "sizeX:3": 72,
      "sizeY:3": 72,
      "x:3": 408,
      "y:3": 108
    },
    "2:10": {
      "id:3": 191891218,
      "sizeX:3": 48,
      "sizeY:3": 48,
      "x:3": 120,
      "y:3": 84
    },
    "3:10": {
      "id:3": 205046414,
      "sizeX:3": 72,
      "sizeY:3": 72,
      "x:3": 108,
      "y:3": -144
    },
    "4:10": {
      "id:3": 218775622,
      "sizeX:3": 48,
      "sizeY:3": 48,
      "x:3": 192,
      "y:3": -240
    },
    "5:10": {
      "id:3": 284263248,
      "sizeX:3": 48,
      "sizeY:3": 48,
      "x:3": 48,
      "y:3": 156
    },
    "6:10": {
      "id:3": 340391495,
      "sizeX:3": 48,
      "sizeY:3": 48,
      "x:3": 120,
      "y:3": 156
    },
    "7:10": {
      "id:3": 355010707,
      "sizeX:3": 48,
      "sizeY:3": 48,
      "x:3": 48,
      "y:3": -240
    },
    "8:10": {
      "id:3": 366064264,
      "sizeX:3": 48,
      "sizeY:3": 48,
      "x:3": 192,
      "y:3": 84
    },
    "9:10": {
      "id:3": 415631972,
      "sizeX:3": 48,
      "sizeY:3": 48,
      "x:3": 1248,
      "y:3": -24
    },
    "10:10": {
      "id:3": 436838076,
      "sizeX:3": 48,
      "sizeY:3": 48,
      "x:3": 264,
      "y:3": 156
    },
    "11:10": {
      "id:3": 549250048,
      "sizeX:3": 48,
      "sizeY:3": 48,
      "x:3": 192,
      "y:3": 156
    },
    "12:10": {
      "id:3": 564553776,
      "sizeX:3": 144,
      "sizeY:3": 156,
      "x:3": 648,
      "y:3": -204
    },
    "13:10": {
      "id:3": 576167792,
      "sizeX:3": 48,
      "sizeY:3": 48,
      "x:3": -24,
      "y:3": 84
    },
    "14:10": {
      "id:3": 657719354,
      "sizeX:3": 72,
      "sizeY:3": 72,
      "x:3": 684,
      "y:3": 108
    },
    "15:10": {
      "id:3": 660488523,
      "sizeX:3": 72,
      "sizeY:3": 72,
      "x:3": 684,
      "y:3": -36
    },
    "16:10": {
      "id:3": 713533116,
      "sizeX:3": 60,
      "sizeY:3": 60,
      "x:3": 600,
      "y:3": -324
    },
    "17:10": {
      "id:3": 715387305,
      "sizeX:3": 48,
      "sizeY:3": 48,
      "x:3": 192,
      "y:3": -132
    },
    "18:10": {
      "id:3": 729461503,
      "sizeX:3": 48,
      "sizeY:3": 48,
      "x:3": 528,
      "y:3": -132
    },
    "19:10": {
      "id:3": 745152636,
      "sizeX:3": 72,
      "sizeY:3": 72,
      "x:3": 936,
      "y:3": -36
    },
    "20:10": {
      "id:3": 745587605,
      "sizeX:3": 48,
      "sizeY:3": 48,
      "x:3": 336,
      "y:3": 72
    },
    "21:10": {
      "id:3": 748439490,
      "sizeX:3": 72,
      "sizeY:3": 72,
      "x:3": 252,
      "y:3": -252
    },
    "22:10": {
      "id:3": 811189054,
      "sizeX:3": 96,
      "sizeY:3": 84,
      "x:3": 852,
      "y:3": -168
    },
    "23:10": {
      "id:3": 987450875,
      "sizeX:3": 72,
      "sizeY:3": 72,
      "x:3": 252,
      "y:3": -144
    },
    "24:10": {
      "id:3": 992081203,
      "sizeX:3": 48,
      "sizeY:3": 48,
      "x:3": 1020,
      "y:3": 60
    },
    "25:10": {
      "id:3": 1003509931,
      "sizeX:3": 72,
      "sizeY:3": 72,
      "x:3": 180,
      "y:3": -36
    },
    "26:10": {
      "id:3": 1009091570,
      "sizeX:3": 96,
      "sizeY:3": 96,
      "x:3": 1116,
      "y:3": -48
    },
    "27:10": {
      "id:3": 1037761246,
      "sizeX:3": 48,
      "sizeY:3": 48,
      "x:3": 192,
      "y:3": -312
    },
    "28:10": {
      "id:3": 1050849724,
      "sizeX:3": 96,
      "sizeY:3": 108,
      "x:3": 384,
      "y:3": -300
    },
    "29:10": {
      "id:3": 1117957127,
      "sizeX:3": 48,
      "sizeY:3": 48,
      "x:3": 336,
      "y:3": -132
    },
    "30:10": {
      "id:3": 1138376371,
      "sizeX:3": 72,
      "sizeY:3": 72,
      "x:3": 420,
      "y:3": -144
    },
    "31:10": {
      "id:3": 1153240589,
      "sizeX:3": 72,
      "sizeY:3": 72,
      "x:3": 252,
      "y:3": -36
    },
    "32:10": {
      "id:3": 1176017256,
      "sizeX:3": 48,
      "sizeY:3": 48,
      "x:3": 528,
      "y:3": -240
    },
    "33:10": {
      "id:3": 1193316526,
      "sizeX:3": 96,
      "sizeY:3": 96,
      "x:3": 1332,
      "y:3": -48
    },
    "34:10": {
      "id:3": 1276314167,
      "sizeX:3": 36,
      "sizeY:3": 36,
      "x:3": 504,
      "y:3": 84
    },
    "35:10": {
      "id:3": 1331637659,
      "sizeX:3": 36,
      "sizeY:3": 36,
      "x:3": 564,
      "y:3": 84
    },
    "36:10": {
      "id:3": 1369640251,
      "sizeX:3": 72,
      "sizeY:3": 72,
      "x:3": 684,
      "y:3": 36
    },
    "37:10": {
      "id:3": 1398228445,
      "sizeX:3": 48,
      "sizeY:3": 48,
      "x:3": 48,
      "y:3": 84
    },
    "38:10": {
      "id:3": 1398529010,
      "sizeX:3": 96,
      "sizeY:3": 96,
      "x:3": -48,
      "y:3": -48
    },
    "39:10": {
      "id:3": 1425164372,
      "sizeX:3": 72,
      "sizeY:3": 72,
      "x:3": 108,
      "y:3": -324
    },
    "40:10": {
      "id:3": 1508538392,
      "sizeX:3": 48,
      "sizeY:3": 48,
      "x:3": 948,
      "y:3": 60
    },
    "41:10": {
      "id:3": 1528938427,
      "sizeX:3": 96,
      "sizeY:3": 96,
      "x:3": 504,
      "y:3": -48
    },
    "42:10": {
      "id:3": 1531300267,
      "sizeX:3": 48,
      "sizeY:3": 48,
      "x:3": 1140,
      "y:3": -120
    },
    "43:10": {
      "id:3": 1550798157,
      "sizeX:3": 48,
      "sizeY:3": 48,
      "x:3": 264,
      "y:3": -312
    },
    "44:10": {
      "id:3": 1552045377,
      "sizeX:3": 48,
      "sizeY:3": 48,
      "x:3": 420,
      "y:3": -24
    },
    "45:10": {
      "id:3": 1569594151,
      "sizeX:3": 96,
      "sizeY:3": 96,
      "x:3": 1116,
      "y:3": -240
    },
    "46:10": {
      "id:3": 1594349692,
      "sizeX:3": 96,
      "sizeY:3": 96,
      "x:3": 972,
      "y:3": -264
    },
    "47:10": {
      "id:3": 1621376472,
      "sizeX:3": 36,
      "sizeY:3": 36,
      "x:3": 864,
      "y:3": -312
    },
    "48:10": {
      "id:3": 1684901870,
      "sizeX:3": 72,
      "sizeY:3": 72,
      "x:3": 108,
      "y:3": -252
    },
    "49:10": {
      "id:3": 1701826571,
      "sizeX:3": 48,
      "sizeY:3": 48,
      "x:3": 768,
      "y:3": 48
    },
    "50:10": {
      "id:3": 1702022545,
      "sizeX:3": 84,
      "sizeY:3": 84,
      "x:3": 756,
      "y:3": -336
    },
    "51:10": {
      "id:3": 1766271280,
      "sizeX:3": 72,
      "sizeY:3": 72,
      "x:3": 816,
      "y:3": 108
    },
    "52:10": {
      "id:3": 1775700618,
      "sizeX:3": 96,
      "sizeY:3": 96,
      "x:3": 1116,
      "y:3": 84
    },
    "53:10": {
      "id:3": 1912315942,
      "sizeX:3": 48,
      "sizeY:3": 48,
      "x:3": 336,
      "y:3": 156
    },
    "54:10": {
      "id:3": 1945563942,
      "sizeX:3": 72,
      "sizeY:3": 72,
      "x:3": 936,
      "y:3": 132
    },
    "55:10": {
      "id:3": 1987065571,
      "sizeX:3": 48,
      "sizeY:3": 48,
      "x:3": 264,
      "y:3": 72
    },
    "56:10": {
      "id:3": 2045820057,
      "sizeX:3": 72,
      "sizeY:3": 72,
      "x:3": 1008,
      "y:3": -36
    },
    "57:10": {
      "id:3": 2063961213,
      "sizeX:3": 72,
      "sizeY:3": 72,
      "x:3": 108,
      "y:3": -36
    },
    "58:10": {
      "id:3": 2069789909,
      "sizeX:3": 72,
      "sizeY:3": 72,
      "x:3": 864,
      "y:3": -36
    },
    "59:10": {
      "id:3": 2122539944,
      "sizeX:3": 72,
      "sizeY:3": 72,
      "x:3": 516,
      "y:3": 132
    }
  }
}