{
  "lineID:3": 391308061,
  "order:3": 1,
  "properties:10": {
    "betterquesting:10": {
      "desc:8": "迎着浓烟与钢铁，第一次工业革命开始了。",
      "icon:10": {
        "Count:3": 1,
        "Damage:2": 11509,
        "id:8": "gregtech:mte"
      },
      "name:8": "§8§l滚滚浓烟§r§f | §l蒸汽时代"
    }
  },
  "quests:9": {
    "0:10": {
      "id:3": 8409593,
      "sizeX:3": 60,
      "sizeY:3": 60,
      "x:3": 348,
      "y:3": 108
    },
    "1:10": {
      "id:3": 25140166,
      "sizeX:3": 36,
      "sizeY:3": 36,
      "x:3": 36,
      "y:3": 216
    },
    "2:10": {
      "id:3": 93669221,
      "sizeX:3": 36,
      "sizeY:3": 36,
      "x:3": 72,
      "y:3": 144
    },
    "3:10": {
      "id:3": 140669168,
      "sizeX:3": 36,
      "sizeY:3": 36,
      "x:3": 492,
      "y:3": -96
    },
    "4:10": {
      "id:3": 148390723,
      "sizeX:3": 36,
      "sizeY:3": 36,
      "x:3": 828,
      "y:3": 120
    },
    "5:10": {
      "id:3": 208047722,
      "sizeX:3": 36,
      "sizeY:3": 36,
      "x:3": 180,
      "y:3": -84
    },
    "6:10": {
      "id:3": 218125129,
      "sizeX:3": 60,
      "sizeY:3": 60,
      "x:3": 828,
      "y:3": 36
    },
    "7:10": {
      "id:3": 295458084,
      "sizeX:3": 84,
      "sizeY:3": 84,
      "x:3": -48,
      "y:3": 96
    },
    "8:10": {
      "id:3": 303587179,
      "sizeX:3": 36,
      "sizeY:3": 36,
      "x:3": 180,
      "y:3": -144
    },
    "9:10": {
      "id:3": 358574341,
      "sizeX:3": 36,
      "sizeY:3": 36,
      "x:3": 420,
      "y:3": 180
    },
    "10:10": {
      "id:3": 392393736,
      "sizeX:3": 36,
      "sizeY:3": 36,
      "x:3": 120,
      "y:3": 48
    },
    "11:10": {
      "id:3": 495401956,
      "sizeX:3": 36,
      "sizeY:3": 36,
      "x:3": 492,
      "y:3": 48
    },
    "12:10": {
      "id:3": 509107376,
      "sizeX:3": 84,
      "sizeY:3": 84,
      "x:3": 612,
      "y:3": -48
    },
    "13:10": {
      "id:3": 575121659,
      "sizeX:3": 36,
      "sizeY:3": 36,
      "x:3": 120,
      "y:3": 96
    },
    "14:10": {
      "id:3": 593979768,
      "sizeX:3": 36,
      "sizeY:3": 36,
      "x:3": 240,
      "y:3": 48
    },
    "15:10": {
      "id:3": 633827744,
      "sizeX:3": 36,
      "sizeY:3": 36,
      "x:3": 300,
      "y:3": 180
    },
    "16:10": {
      "id:3": 659315322,
      "sizeX:3": 60,
      "sizeY:3": 60,
      "x:3": 684,
      "y:3": 108
    },
    "17:10": {
      "id:3": 714028845,
      "sizeX:3": 36,
      "sizeY:3": 36,
      "x:3": 300,
      "y:3": 120
    },
    "18:10": {
      "id:3": 734496708,
      "sizeX:3": 36,
      "sizeY:3": 48,
      "x:3": 924,
      "y:3": 252
    },
    "19:10": {
      "id:3": 759469882,
      "sizeX:3": 36,
      "sizeY:3": 36,
      "x:3": 696,
      "y:3": 180
    },
    "20:10": {
      "id:3": 810274327,
      "sizeX:3": 36,
      "sizeY:3": 36,
      "x:3": 384,
      "y:3": 240
    },
    "21:10": {
      "id:3": 857979572,
      "sizeX:3": 60,
      "sizeY:3": 60,
      "x:3": 480,
      "y:3": -36
    },
    "22:10": {
      "id:3": 898243996,
      "sizeX:3": 36,
      "sizeY:3": 36,
      "x:3": 120,
      "y:3": -96
    },
    "23:10": {
      "id:3": 917725792,
      "sizeX:3": 96,
      "sizeY:3": 108,
      "x:3": 336,
      "y:3": -60
    },
    "24:10": {
      "id:3": 987239996,
      "sizeX:3": 24,
      "sizeY:3": 24,
      "x:3": 456,
      "y:3": 264
    },
    "25:10": {
      "id:3": 1004585364,
      "sizeX:3": 36,
      "sizeY:3": 36,
      "x:3": 816,
      "y:3": -96
    },
    "26:10": {
      "id:3": 1058055261,
      "sizeX:3": 36,
      "sizeY:3": 36,
      "x:3": 576,
      "y:3": 180
    },
    "27:10": {
      "id:3": 1060103109,
      "sizeX:3": 36,
      "sizeY:3": 36,
      "x:3": 336,
      "y:3": 240
    },
    "28:10": {
      "id:3": 1118622834,
      "sizeX:3": 60,
      "sizeY:3": 60,
      "x:3": 228,
      "y:3": -36
    },
    "29:10": {
      "id:3": 1126016056,
      "sizeX:3": 60,
      "sizeY:3": 60,
      "x:3": 768,
      "y:3": -36
    },
    "30:10": {
      "id:3": 1146668253,
      "sizeX:3": 48,
      "sizeY:3": 48,
      "x:3": 636,
      "y:3": 252
    },
    "31:10": {
      "id:3": 1184542432,
      "sizeX:3": 48,
      "sizeY:3": 48,
      "x:3": 492,
      "y:3": 168
    },
    "32:10": {
      "id:3": 1260394805,
      "sizeX:3": 36,
      "sizeY:3": 36,
      "x:3": 756,
      "y:3": 180
    },
    "33:10": {
      "id:3": 1277221377,
      "sizeX:3": 48,
      "sizeY:3": 48,
      "x:3": 828,
      "y:3": 252
    },
    "34:10": {
      "id:3": 1284331992,
      "sizeX:3": 60,
      "sizeY:3": 60,
      "x:3": -36,
      "y:3": 264
    },
    "35:10": {
      "id:3": 1319595390,
      "sizeX:3": 36,
      "sizeY:3": 36,
      "x:3": 636,
      "y:3": -96
    },
    "36:10": {
      "id:3": 1337503977,
      "sizeX:3": 60,
      "sizeY:3": 60,
      "x:3": 624,
      "y:3": 108
    },
    "37:10": {
      "id:3": 1352424308,
      "sizeX:3": 60,
      "sizeY:3": 60,
      "x:3": -36,
      "y:3": 204
    },
    "38:10": {
      "id:3": 1358522697,
      "sizeX:3": 36,
      "sizeY:3": 36,
      "x:3": 120,
      "y:3": 144
    },
    "39:10": {
      "id:3": 1377988171,
      "sizeX:3": 48,
      "sizeY:3": 48,
      "x:3": 492,
      "y:3": 252
    },
    "40:10": {
      "id:3": 1387512965,
      "sizeX:3": 60,
      "sizeY:3": 60,
      "x:3": 228,
      "y:3": 108
    },
    "41:10": {
      "id:3": 1427562057,
      "sizeX:3": 36,
      "sizeY:3": 36,
      "x:3": 636,
      "y:3": 180
    },
    "42:10": {
      "id:3": 1434706839,
      "sizeX:3": 36,
      "sizeY:3": 36,
      "x:3": 384,
      "y:3": 288
    },
    "43:10": {
      "id:3": 1447173135,
      "sizeX:3": 60,
      "sizeY:3": 60,
      "x:3": 912,
      "y:3": 108
    },
    "44:10": {
      "id:3": 1466692388,
      "sizeX:3": 60,
      "sizeY:3": 60,
      "x:3": 228,
      "y:3": 168
    },
    "45:10": {
      "id:3": 1511047056,
      "sizeX:3": 84,
      "sizeY:3": 84,
      "x:3": -48,
      "y:3": -48
    },
    "46:10": {
      "id:3": 1513456368,
      "sizeX:3": 36,
      "sizeY:3": 36,
      "x:3": 360,
      "y:3": 264
    },
    "47:10": {
      "id:3": 1530441338,
      "sizeX:3": 36,
      "sizeY:3": 36,
      "x:3": 876,
      "y:3": -96
    },
    "48:10": {
      "id:3": 1554764409,
      "sizeX:3": 36,
      "sizeY:3": 36,
      "x:3": 636,
      "y:3": 48
    },
    "49:10": {
      "id:3": 1586143453,
      "sizeX:3": 36,
      "sizeY:3": 36,
      "x:3": 72,
      "y:3": 96
    },
    "50:10": {
      "id:3": 1586601745,
      "sizeX:3": 36,
      "sizeY:3": 36,
      "x:3": 36,
      "y:3": 276
    },
    "51:10": {
      "id:3": 1598604950,
      "sizeX:3": 36,
      "sizeY:3": 36,
      "x:3": 420,
      "y:3": 120
    },
    "52:10": {
      "id:3": 1631763710,
      "sizeX:3": 60,
      "sizeY:3": 60,
      "x:3": 744,
      "y:3": 108
    },
    "53:10": {
      "id:3": 1633655750,
      "sizeX:3": 60,
      "sizeY:3": 60,
      "x:3": 564,
      "y:3": 108
    },
    "54:10": {
      "id:3": 1738168220,
      "sizeX:3": 60,
      "sizeY:3": 60,
      "x:3": 108,
      "y:3": -36
    },
    "55:10": {
      "id:3": 1775197747,
      "sizeX:3": 84,
      "sizeY:3": 84,
      "x:3": 900,
      "y:3": -48
    },
    "56:10": {
      "id:3": 1838419930,
      "sizeX:3": 36,
      "sizeY:3": 36,
      "x:3": 336,
      "y:3": 288
    },
    "57:10": {
      "id:3": 1997033934,
      "sizeX:3": 60,
      "sizeY:3": 60,
      "x:3": 108,
      "y:3": 228
    },
    "58:10": {
      "id:3": 2036422864,
      "sizeX:3": 60,
      "sizeY:3": 60,
      "x:3": 348,
      "y:3": 168
    },
    "59:10": {
      "id:3": 2065521841,
      "sizeX:3": 36,
      "sizeY:3": 36,
      "x:3": 240,
      "y:3": -84
    }
  }
}