{
  "lineID:3": 585069616,
  "order:3": 0,
  "properties:10": {
    "betterquesting:10": {
      "desc:8": "欢迎来到格雷科技的世界！",
      "icon:10": {
        "Count:3": 1,
        "id:8": "minecraft:crafting_table"
      },
      "name:8": "§7§l新的开始§f | §2§l石器时代"
    }
  },
  "quests:9": {
    "0:10": {
      "id:3": 62009192,
      "sizeX:3": 48,
      "sizeY:3": 48,
      "x:3": 564,
      "y:3": 204
    },
    "1:10": {
      "id:3": 96558345,
      "sizeX:3": 144,
      "sizeY:3": 144,
      "x:3": -72,
      "y:3": 180
    },
    "2:10": {
      "id:3": 106026029,
      "sizeX:3": 144,
      "sizeY:3": 144,
      "x:3": 372,
      "y:3": 180
    },
    "3:10": {
      "id:3": 117094378,
      "sizeX:3": 36,
      "sizeY:3": 36,
      "x:3": 60,
      "y:3": 336
    },
    "4:10": {
      "id:3": 165029070,
      "sizeX:3": 48,
      "sizeY:3": 48,
      "x:3": -204,
      "y:3": 0
    },
    "5:10": {
      "id:3": 228479367,
      "sizeX:3": 72,
      "sizeY:3": 72,
      "x:3": -168,
      "y:3": 216
    },
    "6:10": {
      "id:3": 255525975,
      "sizeX:3": 48,
      "sizeY:3": 48,
      "x:3": 312,
      "y:3": 180
    },
    "7:10": {
      "id:3": 278719765,
      "sizeX:3": 36,
      "sizeY:3": 36,
      "x:3": 300,
      "y:3": -72
    },
    "8:10": {
      "id:3": 376456340,
      "sizeX:3": 48,
      "sizeY:3": 48,
      "x:3": -132,
      "y:3": -48
    },
    "9:10": {
      "id:3": 379067085,
      "sizeX:3": 48,
      "sizeY:3": 48,
      "x:3": 312,
      "y:3": 228
    },
    "10:10": {
      "id:3": 414711137,
      "sizeX:3": 48,
      "sizeY:3": 48,
      "x:3": 108,
      "y:3": 468
    },
    "11:10": {
      "id:3": 420003901,
      "sizeX:3": 48,
      "sizeY:3": 48,
      "x:3": -168,
      "y:3": -24
    },
    "12:10": {
      "id:3": 505776444,
      "sizeX:3": 48,
      "sizeY:3": 48,
      "x:3": 240,
      "y:3": 228
    },
    "13:10": {
      "id:3": 677875894,
      "sizeX:3": 36,
      "sizeY:3": 36,
      "x:3": 156,
      "y:3": 60
    },
    "14:10": {
      "id:3": 718682057,
      "sizeX:3": 36,
      "sizeY:3": 36,
      "x:3": 60,
      "y:3": 132
    },
    "15:10": {
      "id:3": 967188758,
      "sizeX:3": 48,
      "sizeY:3": 48,
      "x:3": 564,
      "y:3": 252
    },
    "16:10": {
      "id:3": 1027518245,
      "sizeX:3": 96,
      "sizeY:3": 96,
      "x:3": 396,
      "y:3": -48
    },
    "17:10": {
      "id:3": 1109298358,
      "sizeX:3": 48,
      "sizeY:3": 48,
      "x:3": -156,
      "y:3": 300
    },
    "18:10": {
      "id:3": 1123757467,
      "sizeX:3": 48,
      "sizeY:3": 48,
      "x:3": 276,
      "y:3": 252
    },
    "19:10": {
      "id:3": 1153994618,
      "sizeX:3": 72,
      "sizeY:3": 72,
      "x:3": -36,
      "y:3": 84
    },
    "20:10": {
      "id:3": 1219420238,
      "sizeX:3": 36,
      "sizeY:3": 36,
      "x:3": -96,
      "y:3": 336
    },
    "21:10": {
      "id:3": 1252811592,
      "sizeX:3": 48,
      "sizeY:3": 48,
      "x:3": -156,
      "y:3": 156
    },
    "22:10": {
      "id:3": 1341780904,
      "sizeX:3": 48,
      "sizeY:3": 48,
      "x:3": -168,
      "y:3": 24
    },
    "23:10": {
      "id:3": 1360261223,
      "sizeX:3": 48,
      "sizeY:3": 48,
      "x:3": 264,
      "y:3": -24
    },
    "24:10": {
      "id:3": 1389636216,
      "sizeX:3": 84,
      "sizeY:3": 84,
      "x:3": 180,
      "y:3": 372
    },
    "25:10": {
      "id:3": 1393600928,
      "sizeX:3": 48,
      "sizeY:3": 48,
      "x:3": 312,
      "y:3": 276
    },
    "26:10": {
      "id:3": 1423152064,
      "sizeX:3": 48,
      "sizeY:3": 48,
      "x:3": 420,
      "y:3": 84
    },
    "27:10": {
      "id:3": 1459921631,
      "sizeX:3": 48,
      "sizeY:3": 48,
      "x:3": 528,
      "y:3": 180
    },
    "28:10": {
      "id:3": 1491751386,
      "sizeX:3": 48,
      "sizeY:3": 48,
      "x:3": 276,
      "y:3": 204
    },
    "29:10": {
      "id:3": 1511047056,
      "sizeX:3": 96,
      "sizeY:3": 96,
      "x:3": 396,
      "y:3": 444
    },
    "30:10": {
      "id:3": 1603276916,
      "sizeX:3": 96,
      "sizeY:3": 96,
      "x:3": -48,
      "y:3": 444
    },
    "31:10": {
      "id:3": 1607420283,
      "sizeX:3": 36,
      "sizeY:3": 36,
      "x:3": 84,
      "y:3": 60
    },
    "32:10": {
      "id:3": 1630806427,
      "sizeX:3": 96,
      "sizeY:3": 96,
      "x:3": -48,
      "y:3": -48
    },
    "33:10": {
      "id:3": 1640887446,
      "sizeX:3": 48,
      "sizeY:3": 48,
      "x:3": 264,
      "y:3": -132
    },
    "34:10": {
      "id:3": 1737984276,
      "sizeX:3": 48,
      "sizeY:3": 48,
      "x:3": 420,
      "y:3": 372
    },
    "35:10": {
      "id:3": 1793856059,
      "sizeX:3": 48,
      "sizeY:3": 48,
      "x:3": 288,
      "y:3": 348
    },
    "36:10": {
      "id:3": 1793993238,
      "sizeX:3": 84,
      "sizeY:3": 84,
      "x:3": 300,
      "y:3": 72
    },
    "37:10": {
      "id:3": 1798458738,
      "sizeX:3": 48,
      "sizeY:3": 48,
      "x:3": 108,
      "y:3": 300
    },
    "38:10": {
      "id:3": 1817558900,
      "sizeX:3": 36,
      "sizeY:3": 36,
      "x:3": 156,
      "y:3": -96
    },
    "39:10": {
      "id:3": 1844736374,
      "sizeX:3": 60,
      "sizeY:3": 60,
      "x:3": 516,
      "y:3": 84
    },
    "40:10": {
      "id:3": 1871154635,
      "sizeX:3": 48,
      "sizeY:3": 48,
      "x:3": -204,
      "y:3": -48
    },
    "41:10": {
      "id:3": 1923623380,
      "sizeX:3": 36,
      "sizeY:3": 36,
      "x:3": 84,
      "y:3": -96
    },
    "42:10": {
      "id:3": 1924469732,
      "sizeX:3": 48,
      "sizeY:3": 48,
      "x:3": -132,
      "y:3": 0
    },
    "43:10": {
      "id:3": 1941164425,
      "sizeX:3": 48,
      "sizeY:3": 48,
      "x:3": 528,
      "y:3": 276
    },
    "44:10": {
      "id:3": 1973931676,
      "sizeX:3": 36,
      "sizeY:3": 36,
      "x:3": -96,
      "y:3": 132
    },
    "45:10": {
      "id:3": 1992848526,
      "sizeX:3": 36,
      "sizeY:3": 36,
      "x:3": 240,
      "y:3": -72
    },
    "46:10": {
      "id:3": 1996729176,
      "sizeX:3": 48,
      "sizeY:3": 48,
      "x:3": 528,
      "y:3": 228
    },
    "47:10": {
      "id:3": 2041154940,
      "sizeX:3": 48,
      "sizeY:3": 48,
      "x:3": 288,
      "y:3": 432
    },
    "48:10": {
      "id:3": 2051369165,
      "sizeX:3": 48,
      "sizeY:3": 48,
      "x:3": -168,
      "y:3": -72
    },
    "49:10": {
      "id:3": 2129175123,
      "sizeX:3": 96,
      "sizeY:3": 96,
      "x:3": 84,
      "y:3": -48
    }
  }
}