{
  "preRequisiteTypes:7": [
    2,
    2,
    0
  ],
  "preRequisites:11": [
    1146668253,
    1060103109,
    1126016056
  ],
  "properties:10": {
    "betterquesting:10": {
      "desc:8": "No Description",
      "frame:8": "STAR4",
      "icon:10": {
        "Count:3": 1,
        "Damage:2": 2517,
        "id:8": "gregtech:cable_single"
      },
      "name:8": "§5绝缘线缆"
    }
  },
  "questID:3": 1004585364,
  "tasks:9": {
    "0:10": {
      "index:3": 0,
      "requiredItems:9": {
        "0:10": {
          "Count:3": 2,
          "Damage:2": 2517,
          "id:8": "gregtech:wire_single"
        },
        "1:10": {
          "Count:3": 2,
          "Damage:2": 1068,
          "id:8": "gregtech:meta_plate"
        }
      },
      "taskID:8": "bq_standard:optional_retrieval"
    },
    "1:10": {
      "index:3": 1,
      "requiredItems:9": {
        "0:10": {
          "Count:3": 2,
          "Damage:2": 2517,
          "id:8": "gregtech:cable_single"
        }
      },
      "taskID:8": "bq_standard:retrieval"
    }
  }
}