{
  "preRequisites:11": [
    2036422864
  ],
  "properties:10": {
    "betterquesting:10": {
      "desc:8": "No Description\n\n§3红石计划现已解锁，你可以借助它构筑出复杂的红石电路与自动化结构。",
      "frame:8": "HEXAGON90",
      "icon:10": {
        "Count:3": 1,
        "Damage:2": 2517,
        "id:8": "gregtech:meta_ingot"
      },
      "name:8": "§c红色合金"
    }
  },
  "questID:3": 1060103109,
  "tasks:9": {
    "0:10": {
      "index:3": 0,
      "requiredItems:9": {
        "0:10": {
          "Count:3": 16,
          "Damage:2": 25,
          "id:8": "gregtech:meta_ingot"
        },
        "1:10": {
          "Count:3": 64,
          "id:8": "minecraft:redstone"
        }
      },
      "taskID:8": "bq_standard:optional_retrieval"
    },
    "1:10": {
      "index:3": 1,
      "requiredItems:9": {
        "0:10": {
          "Count:3": 16,
          "Damage:2": 2517,
          "id:8": "gregtech:meta_ingot"
        }
      },
      "taskID:8": "bq_standard:retrieval"
    }
  }
}