{
  "preRequisites:11": [
    1738168220
  ],
  "properties:10": {
    "betterquesting:10": {
      "desc:8": "\n§3这台压缩机还解锁了红石计划的诸多内容，你现在可以制作这些复杂的红石逻辑门了，它们可以帮助你设计一些复杂的红石逻辑自动化。",
      "frame:8": "HEXAGON90",
      "icon:10": {
        "Count:3": 1,
        "Damage:2": 11,
        "id:8": "gregtech:mte"
      },
      "name:8": "§6压缩材料"
    }
  },
  "questID:3": 1118622834,
  "tasks:9": {
    "0:10": {
      "index:3": 0,
      "requiredItems:9": {
        "0:10": {
          "Count:3": 1,
          "Damage:2": 11,
          "id:8": "gregtech:mte"
        }
      },
      "taskID:8": "bq_standard:retrieval"
    }
  }
}