{
  "preRequisites:11": [
    96558345
  ],
  "properties:10": {
    "betterquesting:10": {
      "desc:8": "No Description",
      "frame:8": "STAR4",
      "icon:10": {
        "Count:3": 1,
        "id:8": "gtlitecore:rolling_pin",
        "tag:10": {
          "DisallowContainerItem:1": 0,
          "GT.Behaviours:10": {
            "RelocateMinedBlocks:1": 1
          },
          "GT.Tool:10": {
            "AttackDamage:5": 0.0,
            "AttackSpeed:5": -2.0,
            "Durability:3": 0,
            "Material:8": "gregtech:neutronium",
            "MaxDurability:3": 65534
          },
          "HideFlags:3": 2,
          "Unbreakable:1": 1
        }
      },
      "name:8": "§7擀面杖"
    }
  },
  "questID:3": 1184542432,
  "tasks:9": {
    "0:10": {
      "ignoreNBT:1": 1,
      "index:3": 0,
      "requiredItems:9": {
        "0:10": {
          "Count:3": 1,
          "id:8": "gtlitecore:rolling_pin",
          "tag:10": {
            "DisallowContainerItem:1": 0,
            "GT.Behaviours:10": {},
            "GT.Tool:10": {
              "AttackDamage:5": 0.0,
              "AttackSpeed:5": -2.7,
              "Durability:3": 0,
              "Material:8": "gregtech:wrought_iron",
              "MaxDurability:3": 383
            },
            "HideFlags:3": 2
          }
        }
      },
      "taskID:8": "bq_standard:retrieval"
    }
  }
}