{
  "preRequisites:11": [
    1146668253,
    1377988171
  ],
  "properties:10": {
    "betterquesting:10": {
      "desc:8": "No Description",
      "frame:8": "DIAMOND_ON_CROSS",
      "icon:10": {
        "Count:3": 1,
        "Damage:2": 519,
        "id:8": "gregtech:meta_item_1"
      },
      "name:8": "§9电阻"
    }
  },
  "questID:3": 1277221377,
  "tasks:9": {
    "0:10": {
      "index:3": 1,
      "requiredItems:9": {
        "0:10": {
          "Count:3": 8,
          "Damage:2": 519,
          "id:8": "gregtech:meta_item_1"
        }
      },
      "taskID:8": "bq_standard:retrieval"
    }
  }
}