{
  "preRequisites:11": [
    1184542432
  ],
  "properties:10": {
    "betterquesting:10": {
      "desc:8": "甘蔗的一种直接产品，用来作为电阻的基底。\n\n§3除了电阻之外，纸还被用于制作很多模组中的内容，既然你拥有无限的甘蔗，那想必你也不会缺纸了。",
      "frame:8": "CIRCLE",
      "icon:10": {
        "Count:3": 1,
        "id:8": "minecraft:paper"
      },
      "name:8": "纸"
    }
  },
  "questID:3": 1377988171,
  "rewards:9": {
    "0:10": {
      "index:3": 0,
      "rewardID:8": "bq_standard:item",
      "rewards:9": {
        "0:10": {
          "Count:3": 1,
          "Damage:2": 464,
          "id:8": "gregtech:meta_item_1"
        }
      }
    }
  },
  "tasks:9": {
    "0:10": {
      "index:3": 0,
      "requiredItems:9": {
        "0:10": {
          "Count:3": 16,
          "id:8": "minecraft:reeds"
        }
      },
      "taskID:8": "bq_standard:optional_retrieval"
    },
    "1:10": {
      "index:3": 1,
      "requiredItems:9": {
        "0:10": {
          "Count:3": 16,
          "id:8": "minecraft:paper"
        }
      },
      "taskID:8": "bq_standard:retrieval"
    }
  }
}