{
  "preRequisites:11": [
    857979572
  ],
  "properties:10": {
    "betterquesting:10": {
      "desc:8": "No Description",
      "frame:8": "SKULL",
      "icon:10": {
        "Count:3": 1,
        "id:8": "minecraft:netherrack"
      },
      "name:8": "§4下界"
    }
  },
  "questID:3": 140669168,
  "tasks:9": {
    "0:10": {
      "index:3": 0,
      "requiredItems:9": {
        "0:10": {
          "Count:3": 10,
          "id:8": "minecraft:obsidian"
        },
        "1:10": {
          "Count:3": 1,
          "id:8": "minecraft:flint_and_steel"
        }
      },
      "taskID:8": "bq_standard:optional_retrieval"
    },
    "1:10": {
      "dimension:3": -1,
      "index:3": 1,
      "name:8": "下界",
      "taskID:8": "bq_standard:location"
    }
  }
}