{
  "preRequisites:11": [
    734496708,
    148390723,
    1277221377
  ],
  "properties:10": {
    "betterquesting:10": {
      "desc:8": "No Description",
      "frame:8": "GEAR",
      "icon:10": {
        "Count:3": 1,
        "Damage:2": 621,
        "id:8": "gregtech:meta_item_1"
      },
      "name:8": "§a§l电子电路"
    }
  },
  "questID:3": 1447173135,
  "rewards:9": {
    "0:10": {
      "index:3": 0,
      "rewardID:8": "bq_standard:item",
      "rewards:9": {
        "0:10": {
          "Count:3": 1,
          "id:8": "simple_trophies:trophy",
          "tag:10": {
            "TrophyColorBlue:3": 158,
            "TrophyColorGreen:3": 77,
            "TrophyColorRed:3": 88,
            "TrophyEarnedAt:4": 0,
            "TrophyItem:10": {
              "Count:1": 1,
              "Damage:2": 621,
              "id:8": "gregtech:meta_item_1"
            },
            "TrophyName:8": "你的第一个电路",
            "TrophyShowsTooltip:1": 1,
            "TrophyVariant:8": "classic"
          }
        }
      }
    },
    "1:10": {
      "choices:9": {
        "0:10": {
          "Count:3": 16,
          "Damage:2": 519,
          "id:8": "gregtech:meta_item_1"
        },
        "1:10": {
          "Count:3": 16,
          "Damage:2": 516,
          "id:8": "gregtech:meta_item_1"
        },
        "2:10": {
          "Count:3": 24,
          "Damage:2": 2517,
          "id:8": "gregtech:cable_single"
        }
      },
      "index:3": 1,
      "rewardID:8": "bq_standard:choice"
    }
  },
  "tasks:9": {
    "0:10": {
      "index:3": 0,
      "requiredItems:9": {
        "0:10": {
          "Count:3": 1,
          "Damage:2": 401,
          "id:8": "gregtech:meta_item_1"
        }
      },
      "taskID:8": "bq_standard:optional_retrieval"
    },
    "1:10": {
      "index:3": 1,
      "requiredItems:9": {
        "0:10": {
          "Count:3": 2,
          "Damage:2": 519,
          "id:8": "gregtech:meta_item_1"
        },
        "1:10": {
          "Count:3": 2,
          "Damage:2": 516,
          "id:8": "gregtech:meta_item_1"
        }
      },
      "taskID:8": "bq_standard:optional_retrieval"
    },
    "2:10": {
      "index:3": 2,
      "requiredItems:9": {
        "0:10": {
          "Count:3": 3,
          "Damage:2": 2517,
          "id:8": "gregtech:cable_single"
        }
      },
      "taskID:8": "bq_standard:optional_retrieval"
    },
    "3:10": {
      "index:3": 3,
      "requiredItems:9": {
        "0:10": {
          "Count:3": 2,
          "Damage:2": 621,
          "id:8": "gregtech:meta_item_1"
        }
      },
      "taskID:8": "bq_standard:retrieval"
    }
  }
}