{
  "preRequisites:11": [
    509107376,
    1633655750
  ],
  "properties:10": {
    "betterquesting:10": {
      "desc:8": "No Description",
      "frame:8": "DIAGONAL_CROSS_ON_DIAMOND",
      "icon:10": {
        "Count:3": 1,
        "Damage:2": 12001,
        "id:8": "gtlitecore:meta_dust"
      },
      "name:8": "§2某种意义上的橡胶前体"
    }
  },
  "questID:3": 1554764409,
  "tasks:9": {
    "0:10": {
      "index:3": 0,
      "requiredItems:9": {
        "0:10": {
          "Count:3": 64,
          "Damage:2": 12001,
          "id:8": "gtlitecore:meta_dust"
        }
      },
      "taskID:8": "bq_standard:retrieval"
    }
  }
}