{
  "preRequisites:11": [
    857979572
  ],
  "properties:10": {
    "betterquesting:10": {
      "desc:8": "想要制作橡胶，§a生橡胶浆§r显然是不够的，它仅仅是作为一些粗糙的混合物，不足以提取橡胶。你需要从橡胶树的枝干中提取§6胶乳§r并硫化它，这台机器使用锻铁钻头来钻取枝干中的胶乳并收集进机器内部的流体槽中，需要提供一点§9水§r来进行基本的润滑（不会被消耗）。\n\n除了橡胶树以外，只要是§2有对应树液§r的树木，都可以使用这台机器采集树液。\n\n§3如果你不过度追求现实感，那么你可以直接在这个机器旁放置橡胶原木，而不是搬起这个机器和几桶蒸汽去找完整的橡胶树放置。",
      "frame:8": "HEXAGON90",
      "icon:10": {
        "Count:3": 1,
        "Damage:2": 121,
        "id:8": "gtlitecore:mte"
      },
      "name:8": "§2树液提取"
    }
  },
  "questID:3": 1633655750,
  "tasks:9": {
    "0:10": {
      "index:3": 0,
      "requiredItems:9": {
        "0:10": {
          "Count:3": 1,
          "Damage:2": 121,
          "id:8": "gtlitecore:mte"
        }
      },
      "taskID:8": "bq_standard:retrieval"
    },
    "1:10": {
      "index:3": 1,
      "requiredFluids:9": {
        "0:10": {
          "Amount:3": 1000,
          "FluidName:8": "latex"
        }
      },
      "taskID:8": "bq_standard:fluid"
    }
  }
}