{
  "preRequisiteTypes:7": [
    2
  ],
  "preRequisites:11": [
    1738168220
  ],
  "properties:10": {
    "betterquesting:10": {
      "desc:8": "\n§3蒸汽合金炉能做的不仅仅是制作青铜，红色合金，殷钢之类的格雷科技合金，还解锁了一系列其他模组的内容，例如应用能源2的石英玻璃与末影设备的末影合金和相关的一系列设备等。",
      "frame:8": "HEXAGON90",
      "icon:10": {
        "Count:3": 1,
        "Damage:2": 17,
        "id:8": "gregtech:mte"
      },
      "name:8": "§4金属融合"
    }
  },
  "questID:3": 2036422864,
  "tasks:9": {
    "0:10": {
      "index:3": 0,
      "requiredItems:9": {
        "0:10": {
          "Count:3": 1,
          "Damage:2": 17,
          "id:8": "gregtech:mte"
        }
      },
      "taskID:8": "bq_standard:retrieval"
    }
  }
}