{
  "preRequisites:11": [
    208047722
  ],
  "properties:10": {
    "betterquesting:10": {
      "desc:8": "顾名思义，§a覆盖板§r是一种可以贴在指定类型的机器或容器的各个面上的特殊方块，它可以”升级“机器或容器的某些功能，例如吞吐与工作状态。常见的覆盖板有作为每个阶段机器合成材料的传送带，电动泵与机械臂，除此以外还有各种各样功能的覆盖板。",
      "frame:8": "SQUARE",
      "icon:10": {
        "Count:3": 1,
        "Damage:2": 322,
        "id:8": "gregtech:meta_item_1"
      },
      "name:8": "§9格雷科技中的覆盖板"
    }
  },
  "questID:3": 2065521841,
  "rewards:9": {
    "0:10": {
      "index:3": 0,
      "rewardID:8": "bq_standard:item",
      "rewards:9": {
        "0:10": {
          "Count:3": 1,
          "id:8": "gregtech:crowbar",
          "tag:10": {
            "DisallowContainerItem:1": 0,
            "GT.Behaviours:10": {
              "RelocateMinedBlocks:1": 1
            },
            "GT.Tool:10": {
              "AttackDamage:5": 97.0,
              "AttackSpeed:5": -2.2,
              "Durability:3": 0,
              "HarvestLevel:3": 7,
              "Material:8": "gtlitecore:metastable_oganesson",
              "MaxDurability:3": 110591,
              "ToolSpeed:5": 59.0
            },
            "HideFlags:3": 2,
            "ench:9": {
              "0:10": {
                "id:2": 70,
                "lvl:2": 3
              }
            }
          }
        }
      }
    }
  },
  "tasks:9": {
    "0:10": {
      "index:3": 0,
      "taskID:8": "bq_standard:checkbox"
    }
  }
}