{
  "preRequisites:11": [
    1738168220
  ],
  "properties:10": {
    "betterquesting:10": {
      "desc:8": "\n\n§3不管怎么样，你该试试粗青铜合金管道的，至少在这个阶段。",
      "frame:8": "DIAMOND",
      "icon:10": {
        "Count:3": 1,
        "Damage:2": 4002,
        "id:8": "gtlitecore:item_pipe_large"
      },
      "name:8": "§b管道网络：格雷科技中的物流手段"
    }
  },
  "questID:3": 208047722,
  "rewards:9": {
    "0:10": {
      "index:3": 0,
      "rewardID:8": "bq_standard:item",
      "rewards:9": {
        "0:10": {
          "Count:3": 1,
          "id:8": "gregtech:screwdriver_lv",
          "tag:10": {
            "Charge:4": 100000,
            "DisallowContainerItem:1": 0,
            "GT.Behaviours:10": {
              "RelocateMinedBlocks:1": 1
            },
            "GT.Tool:10": {
              "AttackDamage:5": 94.0,
              "AttackSpeed:5": 3.2,
              "Durability:3": 0,
              "HarvestLevel:3": 7,
              "Material:8": "gtlitecore:metastable_oganesson",
              "MaxDurability:3": 110591
            },
            "HideFlags:3": 2,
            "MaxCharge:4": 100000
          }
        }
      }
    }
  },
  "tasks:9": {
    "0:10": {
      "index:3": 0,
      "taskID:8": "bq_standard:checkbox"
    }
  }
}