{
  "preRequisites:11": [
    1447173135
  ],
  "properties:10": {
    "betterquesting:10": {
      "desc:8": "No Description",
      "frame:8": "HEXAGON90",
      "icon:10": {
        "Count:3": 1,
        "Damage:2": 10013,
        "id:8": "gregtech:mte"
      },
      "name:8": "§7更多更多的蒸汽"
    }
  },
  "questID:3": 218125129,
  "tasks:9": {
    "0:10": {
      "index:3": 0,
      "requiredItems:9": {},
      "taskID:8": "bq_standard:optional_retrieval"
    },
    "1:10": {
      "index:3": 1,
      "requiredItems:9": {
        "0:10": {
          "Count:3": 1,
          "Damage:2": 10013,
          "id:8": "gregtech:mte"
        }
      },
      "taskID:8": "bq_standard:retrieval"
    }
  }
}