{
  "preRequisiteTypes:7": [
    0,
    2
  ],
  "preRequisites:11": [
    1352424308,
    857979572
  ],
  "properties:10": {
    "betterquesting:10": {
      "desc:8": "No Description",
      "frame:8": "HEXAGON90",
      "icon:10": {
        "Count:3": 1,
        "Damage:2": 20,
        "id:8": "gregtech:mte"
      },
      "name:8": "§3你在拿圆石做建筑材料？"
    }
  },
  "questID:3": 25140166,
  "tasks:9": {
    "0:10": {
      "index:3": 0,
      "requiredItems:9": {
        "0:10": {
          "Count:3": 1,
          "Damage:2": 20,
          "id:8": "gregtech:mte"
        }
      },
      "taskID:8": "bq_standard:retrieval"
    }
  }
}