{
  "preRequisites:11": [
    1738168220
  ],
  "properties:10": {
    "betterquesting:10": {
      "desc:8": "伐木，挖煤，收集可燃物并投入锅炉的过程有些繁琐，你或许希望找到其他的获取蒸汽的方式。在此阶段，你可以选择的生产蒸汽的方式还有两种：\n\n§b液体锅炉§r\n使用液体锅炉可以帮你快速消耗焦炉中积攒的§2杂酚油§r，并把它们转换为可供持续使用的蒸汽。另一种在本阶段常见的热流体是熔岩，当你获得§8钢§r之后，你可以在下界中获取大量的熔岩。\n\n§b太阳能锅炉§r\n在三种锅炉中，它应该是最省力的一个，因为它只需要太阳来进行工作。只要不遮挡其上的方块，太阳能锅炉就能源源不断地通过阳光带来的热能来生产蒸汽，基础生产倍率与固体锅炉相同。\n\n§3正如这个任务的标题，任务书中只会展示主线内容与一些相关的推荐。在版本更新导致任务书没有更新时，亦或者当你发现任务书中没有但JEI中有的便利物品时，你就能再一次体会这个任务的标题的含义。如你所见，任务书不会包括这个整合包中的所有内容，但会尽可能列举可能会对你有帮助的存在。",
      "frame:8": "GEAR",
      "icon:10": {
        "Count:3": 1,
        "id:8": "betterquesting:placeholder"
      },
      "name:8": "§6或许我们还有别的选择？"
    }
  },
  "questID:3": 392393736,
  "tasks:9": {
    "0:10": {
      "index:3": 0,
      "taskID:8": "bq_standard:checkbox"
    }
  }
}