{
  "preRequisites:11": [
    1389636216,
    857979572
  ],
  "properties:10": {
    "betterquesting:10": {
      "desc:8": "从橡胶树中渗出的§2胶乳液体§r是最适合制作橡胶的前体，但我们需要将其固化。\n\n§6凝固缸§r是最适宜处理这些胶乳的机器，把它们挂在缸中悬挂的§7铁杆§r上静待自然固化，这些粘稠的流体将会慢慢变为可使用的§a胶乳粉§r。\n\n§d也去试试Supersymmetry！这是一个基于GTCEu的硬核拟真科技风格的格雷科技整合包，此橡胶处理流程来自于这个整合包。",
      "frame:8": "STAR4_ON_SQUARE",
      "icon:10": {
        "Count:3": 1,
        "Damage:2": 10001,
        "id:8": "gtlitecore:mte"
      },
      "name:8": "§6凝固缸"
    }
  },
  "questID:3": 509107376,
  "rewards:9": {
    "0:10": {
      "index:3": 0,
      "rewardID:8": "bq_standard:item",
      "rewards:9": {
        "0:10": {
          "Count:3": 1,
          "Damage:2": 5612,
          "id:8": "gregtech:mte",
          "tag:10": {
            "Fluid:10": {
              "Amount:3": 64000,
              "FluidName:8": "latex"
            }
          }
        }
      }
    }
  },
  "tasks:9": {
    "0:10": {
      "index:3": 0,
      "requiredItems:9": {
        "0:10": {
          "Count:3": 1,
          "Damage:2": 10001,
          "id:8": "gtlitecore:mte"
        }
      },
      "taskID:8": "bq_standard:retrieval"
    },
    "1:10": {
      "index:3": 1,
      "requiredItems:9": {
        "0:10": {
          "Count:3": 24,
          "id:8": "gtlitecore:primitive_casing"
        }
      },
      "taskID:8": "bq_standard:optional_retrieval"
    }
  }
}