{
  "preRequisiteTypes:7": [
    0,
    2
  ],
  "preRequisites:11": [
    1118622834,
    857979572
  ],
  "properties:10": {
    "betterquesting:10": {
      "desc:8": "No Description",
      "frame:8": "HEXAGON90",
      "icon:10": {
        "Count:3": 1,
        "Damage:2": 12,
        "id:8": "gregtech:mte"
      },
      "name:8": "§8已经足够了！"
    }
  },
  "questID:3": 593979768,
  "tasks:9": {
    "0:10": {
      "index:3": 0,
      "requiredItems:9": {
        "0:10": {
          "Count:3": 1,
          "Damage:2": 12,
          "id:8": "gregtech:mte"
        }
      },
      "taskID:8": "bq_standard:retrieval"
    }
  }
}