{
  "preRequisiteTypes:7": [
    2
  ],
  "preRequisites:11": [
    1738168220
  ],
  "properties:10": {
    "betterquesting:10": {
      "desc:8": "No Description\n\n§3在这个阶段，你需要找到橄榄石矿脉并挖一些菱镁矿，焙烧菱镁矿以得到氧化镁，它将作为有效的催化剂促进硫化反应的发生。在MV阶段后，你可以使用红锌矿作为另外一种催化剂替代。",
      "frame:8": "HEXAGON90",
      "icon:10": {
        "Count:3": 1,
        "Damage:2": 91,
        "id:8": "gtlitecore:mte"
      },
      "name:8": "§6橡胶生产机"
    }
  },
  "questID:3": 659315322,
  "rewards:9": {
    "0:10": {
      "choices:9": {
        "0:10": {
          "Count:3": 1,
          "Damage:2": 36,
          "id:8": "gregtech:meta_item_1"
        },
        "1:10": {
          "Count:3": 1,
          "Damage:2": 31,
          "id:8": "gregtech:meta_item_1"
        },
        "2:10": {
          "Count:3": 1,
          "Damage:2": 34,
          "id:8": "gregtech:meta_item_1"
        }
      },
      "index:3": 0,
      "rewardID:8": "bq_standard:choice"
    }
  },
  "tasks:9": {
    "0:10": {
      "index:3": 0,
      "requiredItems:9": {
        "0:10": {
          "Count:3": 1,
          "Damage:2": 91,
          "id:8": "gtlitecore:mte"
        }
      },
      "taskID:8": "bq_standard:retrieval"
    },
    "1:10": {
      "index:3": 1,
      "requiredItems:9": {
        "0:10": {
          "Count:3": 1,
          "Damage:2": 363,
          "id:8": "gregtech:meta_dust"
        }
      },
      "taskID:8": "bq_standard:optional_retrieval"
    }
  }
}