{
  "preRequisiteTypes:7": [
    0,
    2
  ],
  "preRequisites:11": [
    659315322,
    857979572
  ],
  "properties:10": {
    "betterquesting:10": {
      "desc:8": "No Description",
      "frame:8": "HEXAGON90",
      "icon:10": {
        "Count:3": 1,
        "Damage:2": 92,
        "id:8": "gtlitecore:mte"
      },
      "name:8": "§c更多更多的橡胶"
    }
  },
  "questID:3": 759469882,
  "tasks:9": {
    "0:10": {
      "index:3": 0,
      "requiredItems:9": {
        "0:10": {
          "Count:3": 1,
          "Damage:2": 92,
          "id:8": "gtlitecore:mte"
        }
      },
      "taskID:8": "bq_standard:retrieval"
    }
  }
}