{
  "preRequisites:11": [
    2036422864
  ],
  "properties:10": {
    "betterquesting:10": {
      "desc:8": "No Description",
      "frame:8": "HEXAGON90",
      "icon:10": {
        "Count:3": 1,
        "Damage:2": 287,
        "id:8": "gregtech:meta_ingot"
      },
      "name:8": "§2殷钢"
    }
  },
  "questID:3": 810274327,
  "tasks:9": {
    "0:10": {
      "index:3": 0,
      "requiredItems:9": {
        "0:10": {
          "Count:3": 32,
          "id:8": "minecraft:iron_ingot"
        },
        "1:10": {
          "Count:3": 16,
          "Damage:2": 69,
          "id:8": "gregtech:meta_ingot"
        }
      },
      "taskID:8": "bq_standard:optional_retrieval"
    },
    "1:10": {
      "index:3": 1,
      "requiredItems:9": {
        "0:10": {
          "Count:3": 16,
          "Damage:2": 287,
          "id:8": "gregtech:meta_ingot"
        }
      },
      "taskID:8": "bq_standard:retrieval"
    }
  }
}