{
  "preRequisites:11": [
    917725792
  ],
  "properties:10": {
    "betterquesting:10": {
      "desc:8": "\n\n§3钢还解锁了一系列新的内容，比如更高级的末影接口流体导管与末影设备中的一部分便捷设备以及储液抽屉，除此以外，钢自身也是一种优良的工具材料。\n\n如果你想要大批量生产钢又不想堆积过多的土高炉，去任务书中的“批量生产”一章看看吧！",
      "frame:8": "GEAR",
      "icon:10": {
        "Count:3": 1,
        "Damage:2": 324,
        "id:8": "gregtech:meta_ingot"
      },
      "name:8": "§8你的第一块钢！"
    }
  },
  "questID:3": 857979572,
  "rewards:9": {
    "0:10": {
      "index:3": 0,
      "rewardID:8": "bq_standard:item",
      "rewards:9": {
        "0:10": {
          "Count:3": 1,
          "id:8": "simple_trophies:trophy",
          "tag:10": {
            "TrophyColorBlue:3": 128,
            "TrophyColorGreen:3": 128,
            "TrophyColorRed:3": 128,
            "TrophyEarnedAt:4": 0,
            "TrophyItem:10": {
              "Count:1": 1,
              "Damage:2": 324,
              "id:8": "gregtech:meta_ingot"
            },
            "TrophyName:8": "合金技术起步",
            "TrophyShowsTooltip:1": 1,
            "TrophyVariant:8": "classic"
          }
        }
      }
    },
    "1:10": {
      "index:3": 1,
      "rewardID:8": "bq_standard:item",
      "rewards:9": {
        "0:10": {
          "Count:3": 8,
          "Damage:2": 15,
          "id:8": "gregtech:meta_block_compressed_20"
        },
        "1:10": {
          "Count:3": 8,
          "Damage:2": 15,
          "id:8": "gregtech:meta_block_compressed_19"
        }
      }
    }
  },
  "tasks:9": {
    "0:10": {
      "index:3": 0,
      "requiredItems:9": {
        "0:10": {
          "Count:3": 1,
          "Damage:2": 324,
          "id:8": "gregtech:meta_ingot"
        }
      },
      "taskID:8": "bq_standard:retrieval"
    }
  }
}