{
  "preRequisiteTypes:7": [
    0,
    2
  ],
  "preRequisites:11": [
    1738168220,
    857979572
  ],
  "properties:10": {
    "betterquesting:10": {
      "desc:8": "No Description",
      "icon:10": {
        "Count:3": 1,
        "Damage:2": 2,
        "id:8": "gregtech:mte"
      },
      "name:8": "§7我们需要更多煤炭"
    }
  },
  "questID:3": 898243996,
  "tasks:9": {
    "0:10": {
      "index:3": 0,
      "requiredItems:9": {
        "0:10": {
          "Count:3": 1,
          "Damage:2": 2,
          "id:8": "gregtech:mte"
        }
      },
      "taskID:8": "bq_standard:retrieval"
    }
  }
}