{
  "preRequisites:11": [
    1118622834
  ],
  "properties:10": {
    "betterquesting:10": {
      "desc:8": "",
      "frame:8": "EMPTY",
      "icon:10": {
        "Count:3": 1,
        "Damage:2": 10000,
        "id:8": "gregtech:mte"
      },
      "name:8": "§2土高炉"
    }
  },
  "questID:3": 917725792,
  "tasks:9": {
    "0:10": {
      "index:3": 0,
      "requiredItems:9": {
        "0:10": {
          "Count:3": 66,
          "Damage:2": 2524,
          "id:8": "gregtech:meta_dust"
        },
        "1:10": {
          "Count:3": 66,
          "Damage:2": 2063,
          "id:8": "gregtech:meta_dust"
        }
      },
      "taskID:8": "bq_standard:optional_retrieval"
    },
    "1:10": {
      "index:3": 1,
      "requiredItems:9": {
        "0:10": {
          "Count:3": 132,
          "Damage:2": 2525,
          "id:8": "gregtech:meta_dust"
        }
      },
      "taskID:8": "bq_standard:optional_retrieval"
    },
    "2:10": {
      "index:3": 2,
      "requiredItems:9": {
        "0:10": {
          "Count:3": 132,
          "Damage:2": 351,
          "id:8": "gregtech:meta_item_1"
        }
      },
      "taskID:8": "bq_standard:optional_retrieval"
    },
    "3:10": {
      "index:3": 3,
      "requiredItems:9": {
        "0:10": {
          "Count:3": 132,
          "Damage:2": 352,
          "id:8": "gregtech:meta_item_1"
        }
      },
      "taskID:8": "bq_standard:optional_retrieval"
    },
    "4:10": {
      "index:3": 4,
      "requiredItems:9": {
        "0:10": {
          "Count:3": 1,
          "Damage:2": 10000,
          "id:8": "gregtech:mte"
        },
        "1:10": {
          "Count:3": 32,
          "Damage:2": 1,
          "id:8": "gregtech:metal_casing"
        }
      },
      "taskID:8": "bq_standard:retrieval"
    }
  }
}