{
  "preRequisiteTypes:7": [
    0,
    2
  ],
  "preRequisites:11": [
    1586143453,
    857979572
  ],
  "properties:10": {
    "betterquesting:10": {
      "desc:8": "更强的热流体锅炉，但需要一些§8钢§r。",
      "icon:10": {
        "Count:3": 1,
        "Damage:2": 6,
        "id:8": "gregtech:mte"
      },
      "name:8": "§c地热能的力量"
    }
  },
  "questID:3": 93669221,
  "tasks:9": {
    "0:10": {
      "index:3": 0,
      "requiredItems:9": {
        "0:10": {
          "Count:3": 1,
          "Damage:2": 6,
          "id:8": "gregtech:mte"
        }
      },
      "taskID:8": "bq_standard:retrieval"
    }
  }
}