{
  "preRequisites:11": [
    621014539
  ],
  "properties:10": {
    "betterquesting:10": {
      "desc:8": "No Description",
      "frame:8": "JAGGED",
      "icon:10": {
        "Count:3": 1,
        "Damage:2": 86,
        "id:8": "gregtech:meta_fuel_rod"
      },
      "name:8": "§6裂变起始点：镤"
    }
  },
  "questID:3": 1387463929,
  "tasks:9": {
    "0:10": {
      "index:3": 0,
      "taskID:8": "bq_standard:checkbox"
    },
    "1:10": {
      "index:3": 1,
      "requiredItems:9": {
        "0:10": {
          "Count:3": 1,
          "Damage:2": 86,
          "id:8": "gregtech:meta_fuel_rod"
        },
        "1:10": {
          "Count:3": 1,
          "Damage:2": 86,
          "id:8": "gregtech:meta_fuel_rod_enriched"
        },
        "2:10": {
          "Count:3": 1,
          "Damage:2": 86,
          "id:8": "gregtech:meta_fuel_rod_high_density"
        }
      },
      "taskID:8": "bq_standard:optional_retrieval"
    }
  }
}