{
  "preRequisites:11": [
    621014539
  ],
  "properties:10": {
    "betterquesting:10": {
      "desc:8": "在进行裂变前，你已经获取了一些典型的核原料了，例如钍，镤与铀。\n\n§b获得钍§r\n处理下界采掘出的钍矿石。\n§b获得镤§r\n溶解处理晶质铀矿，需要消耗乙醚，同时也会获取一定量的钍与铀。\n§b获得铀§r\n焙烧处理晶质铀矿，亦或者研磨红花岗岩。\n\n除此以外，§2硅岩，富集硅岩§r与§2超能硅岩§r也可以作为核原料参与裂变反应。\n\n别想得太复杂！虽然裂变链条非常冗长，但是你只需要从头到位进行一次。还记得§6复制机§r吗？这些核原料全部可以使用复制机投入§dUU物质§r来增殖，这意味着你可以通过复制的方式大批量生产核燃料。这是一个权衡之处，需要指出的是，§a大部分核原料在配方中使用的都很少§r，仅有几种例外，你可以同时进行这两个方案：不妨试试先进行一遍裂变链条，然后用复制机生产必须的核原料与足够为反应堆堆芯升级到当前阶段最好的的材料。",
      "frame:8": "HEXAGON90",
      "icon:10": {
        "Count:3": 1,
        "id:8": "betterquesting:placeholder"
      },
      "name:8": "§2核原料的获取与管理"
    }
  },
  "questID:3": 371633949,
  "tasks:9": {
    "0:10": {
      "index:3": 0,
      "taskID:8": "bq_standard:checkbox"
    }
  }
}