{
  "preRequisites:11": [
    514601571
  ],
  "properties:10": {
    "betterquesting:10": {
      "desc:8": "解锁众多§b复杂合金§r的一种方案，就像§6大型化学反应釜§r那样，这台机器也有着更高级的配方模式。",
      "frame:8": "HEXAGON90",
      "icon:10": {
        "Count:3": 1,
        "Damage:2": 10106,
        "id:8": "gtlitecore:mte"
      },
      "name:8": "§2大型搅拌机"
    }
  },
  "questID:3": 1037440278,
  "tasks:9": {
    "0:10": {
      "index:3": 0,
      "requiredItems:9": {
        "0:10": {
          "Count:3": 1,
          "Damage:2": 10106,
          "id:8": "gtlitecore:mte"
        }
      },
      "taskID:8": "bq_standard:retrieval"
    },
    "1:10": {
      "index:3": 1,
      "requiredItems:9": {
        "0:10": {
          "Count:3": 2,
          "OreDict:8": "casingMotor",
          "id:8": "gtlitecore:motor_casing"
        }
      },
      "taskID:8": "bq_standard:optional_retrieval"
    }
  }
}