{
  "preRequisites:11": [
    295458084
  ],
  "properties:10": {
    "betterquesting:10": {
      "desc:8": "§6工业土高炉§r是土高炉的升级版，在你获得一些钢后即可制作。这台庞大的高炉允许你建造额外的§a附属高炉§r结构加速烧制，你可以在§2JEI§r界面中看到这点，最多可以存在§l2§r个附属高炉。\n\n§3与土高炉不同，工业土高炉不能使用控制器输入/输出物品，你需要使用输入总线与输出总线，这个任务将会送你这些总线，因为你暂时无法制作它们。当然，一台工业土高炉是完全够用的，你只需要扩展它的结构而不是堆叠更多的工业土高炉。",
      "frame:8": "HEXAGON90",
      "icon:10": {
        "Count:3": 1,
        "Damage:2": 10005,
        "id:8": "gtlitecore:mte"
      },
      "name:8": "§4超级炼钢厂"
    }
  },
  "questID:3": 1046111727,
  "rewards:9": {
    "0:10": {
      "index:3": 0,
      "rewardID:8": "bq_standard:item",
      "rewards:9": {
        "0:10": {
          "Count:3": 1,
          "Damage:2": 11001,
          "id:8": "gregtech:mte"
        },
        "1:10": {
          "Count:3": 1,
          "Damage:2": 11016,
          "id:8": "gregtech:mte"
        }
      }
    }
  },
  "tasks:9": {
    "0:10": {
      "index:3": 0,
      "requiredItems:9": {
        "0:10": {
          "Count:3": 84,
          "Damage:2": 1,
          "id:8": "gregtech:metal_casing"
        },
        "1:10": {
          "Count:3": 12,
          "Damage:2": 4,
          "id:8": "gregtech:meta_block_frame_20"
        }
      },
      "taskID:8": "bq_standard:optional_retrieval"
    },
    "1:10": {
      "index:3": 1,
      "requiredItems:9": {
        "0:10": {
          "Count:3": 1,
          "Damage:2": 10005,
          "id:8": "gtlitecore:mte"
        }
      },
      "taskID:8": "bq_standard:retrieval"
    },
    "2:10": {
      "index:3": 2,
      "requiredItems:9": {
        "0:10": {
          "Count:3": 27,
          "Damage:2": 1,
          "id:8": "gregtech:metal_casing"
        },
        "1:10": {
          "Count:3": 9,
          "Damage:2": 1,
          "id:8": "gregtech:boiler_firebox_casing"
        },
        "2:10": {
          "Count:3": 1,
          "Damage:2": 1,
          "id:8": "gregtech:boiler_casing"
        }
      },
      "taskID:8": "bq_standard:optional_retrieval"
    }
  }
}