{
  "preRequisites:11": [
    1408791673
  ],
  "properties:10": {
    "betterquesting:10": {
      "desc:8": "你应该把它放在厨房，而不是工厂。",
      "frame:8": "HEXAGON90",
      "icon:10": {
        "Count:3": 1,
        "Damage:2": 10136,
        "id:8": "gtlitecore:mte"
      },
      "name:8": "§a大型料理烹饪机"
    }
  },
  "questID:3": 1319195327,
  "tasks:9": {
    "0:10": {
      "index:3": 0,
      "requiredItems:9": {
        "0:10": {
          "Count:3": 1,
          "Damage:2": 10136,
          "id:8": "gtlitecore:mte"
        }
      },
      "taskID:8": "bq_standard:retrieval"
    },
    "1:10": {
      "index:3": 1,
      "requiredItems:9": {
        "0:10": {
          "Count:3": 2,
          "OreDict:8": "casingRobotArm",
          "id:8": "gtlitecore:robot_arm_casing"
        },
        "1:10": {
          "Count:3": 1,
          "OreDict:8": "casingPump",
          "id:8": "gtlitecore:pump_casing"
        }
      },
      "taskID:8": "bq_standard:optional_retrieval"
    }
  }
}