{
  "preRequisites:11": [
    295458084
  ],
  "properties:10": {
    "betterquesting:10": {
      "desc:8": "它可以帮助你大批量生产耐火砖。\n\n§3值得注意的是，第二台多方块压缩机在LV阶段，你可以选择跳过这台多方块机器，不过，它在蒸汽时代也足够强力。",
      "frame:8": "HEXAGON90",
      "icon:10": {
        "Count:3": 1,
        "Damage:2": 10002,
        "id:8": "gtlitecore:mte"
      },
      "name:8": "§a空压涡流"
    }
  },
  "questID:3": 1347375077,
  "rewards:9": {
    "0:10": {
      "choices:9": {
        "0:10": {
          "Count:3": 64,
          "Damage:2": 260,
          "id:8": "gregtech:meta_ingot"
        },
        "1:10": {
          "Count:3": 32,
          "Damage:2": 259,
          "id:8": "gregtech:meta_ingot"
        },
        "2:10": {
          "Count:3": 16,
          "Damage:2": 2037,
          "id:8": "gregtech:meta_ingot"
        }
      },
      "index:3": 0,
      "rewardID:8": "bq_standard:choice"
    }
  },
  "tasks:9": {
    "0:10": {
      "index:3": 0,
      "requiredItems:9": {
        "0:10": {
          "Count:3": 30,
          "id:8": "gregtech:metal_casing"
        },
        "1:10": {
          "Count:3": 2,
          "id:8": "gregtech:boiler_casing"
        },
        "2:10": {
          "Count:3": 1,
          "Damage:2": 11509,
          "id:8": "gregtech:mte"
        },
        "3:10": {
          "Count:3": 1,
          "Damage:2": 11508,
          "id:8": "gregtech:mte"
        },
        "4:10": {
          "Count:3": 1,
          "Damage:2": 11507,
          "id:8": "gregtech:mte"
        }
      },
      "taskID:8": "bq_standard:optional_retrieval"
    },
    "1:10": {
      "index:3": 1,
      "requiredItems:9": {
        "0:10": {
          "Count:3": 1,
          "Damage:2": 10002,
          "id:8": "gtlitecore:mte"
        }
      },
      "taskID:8": "bq_standard:retrieval"
    }
  }
}