{
  "preRequisites:11": [
    907088952
  ],
  "properties:10": {
    "betterquesting:10": {
      "desc:8": "No Description",
      "frame:8": "HEXAGON90",
      "icon:10": {
        "Count:3": 1,
        "Damage:2": 10131,
        "id:8": "gtlitecore:mte"
      },
      "name:8": "§8化工厂"
    }
  },
  "questID:3": 1442493560,
  "tasks:9": {
    "0:10": {
      "index:3": 0,
      "requiredItems:9": {
        "0:10": {
          "Count:3": 1,
          "Damage:2": 10131,
          "id:8": "gtlitecore:mte"
        }
      },
      "taskID:8": "bq_standard:retrieval"
    },
    "1:10": {
      "index:3": 1,
      "requiredItems:9": {
        "0:10": {
          "Count:3": 2,
          "OreDict:8": "pumpCasingAny",
          "id:8": "gtlitecore:pump_casing"
        },
        "1:10": {
          "Count:3": 12,
          "OreDict:8": "wireCoilAny",
          "id:8": "gregtech:wire_coil"
        }
      },
      "taskID:8": "bq_standard:optional_retrieval"
    }
  }
}