{
  "preRequisites:11": [
    1454474719
  ],
  "properties:10": {
    "betterquesting:10": {
      "desc:8": "No Description",
      "frame:8": "HEXAGON90",
      "icon:10": {
        "Count:3": 1,
        "Damage:2": 10021,
        "id:8": "gtlitecore:mte"
      },
      "name:8": "§a部件装配线"
    }
  },
  "questID:3": 1449605975,
  "tasks:9": {
    "0:10": {
      "index:3": 0,
      "requiredItems:9": {
        "0:10": {
          "Count:3": 1,
          "Damage:2": 10021,
          "id:8": "gtlitecore:mte"
        }
      },
      "taskID:8": "bq_standard:retrieval"
    },
    "1:10": {
      "index:3": 1,
      "requiredItems:9": {
        "0:10": {
          "Count:3": 43,
          "OreDict:8": "casingComponentAssembly",
          "id:8": "gtlitecore:component_assembly_casing"
        }
      },
      "taskID:8": "bq_standard:optional_retrieval"
    }
  }
}