{
  "preRequisites:11": [
    907088952
  ],
  "properties:10": {
    "betterquesting:10": {
      "desc:8": "最末的几台大型机器，其中的一部分将支持§b激光超频§r。\n\n§3到此为止，你已经获得了几乎所有大型机器，但这并不是产能升级的最后。\n\n一系列被称为超级（Mega）机器的巨型机器将会在后期的游戏流程中逐渐取代这些大型机器，它们往往拥有着更强大的配方模式与性能。\n\n因为这些机器中的绝大多数都与后期游戏流程相关，所以它们被纳入主线的任务页面中。",
      "frame:8": "DIAMOND_ON_CROSS",
      "icon:10": {
        "Count:3": 1,
        "Damage:2": 991,
        "id:8": "gregtech:mte"
      },
      "name:8": "§d§l剧差压阶段及以上的大型机器"
    }
  },
  "questID:3": 1454474719,
  "tasks:9": {
    "0:10": {
      "index:3": 0,
      "taskID:8": "bq_standard:checkbox"
    }
  }
}