{
  "preRequisites:11": [
    1454474719
  ],
  "properties:10": {
    "betterquesting:10": {
      "desc:8": "你已经遇到过无数种电路板了，而这台专门用于印制电路板的机器将会把你从繁杂的化学蚀刻中解放。正如其名，§6PCB工厂§r是一个巨大的电路板生产机器，这台机器允许你使用§a任意等级§r的塑料与金属箔来制作电路板。\n\nPCB工厂带有一个特殊的参数“§e线宽§r”（§7电路板上的各个组件之间传输电信号所用的金属线宽§r），其始终处于25μm至200μm之间，随着线宽的调整，PCB工厂将会获得特殊的增益或减益效果。\n\n§3这台机器具有特殊的附属结构，在JEI的多方块预览页面可预览具体结构，在当前的LuV阶段，你可以制作这台机器的本体结构，即1级结构，在只有1级结构的情况下，PCB工厂没有任何超频效果，想要获得一般机器的超频，你需要对其进行升级（请参考同一章的“PCB工厂升级：水冷塔”任务）。",
      "frame:8": "DIAMOND_ON_CROSS",
      "icon:10": {
        "Count:3": 1,
        "Damage:2": 10025,
        "id:8": "gtlitecore:mte"
      },
      "name:8": "§b§lPCB工厂"
    }
  },
  "questID:3": 1546880750,
  "tasks:9": {
    "0:10": {
      "index:3": 0,
      "requiredItems:9": {},
      "taskID:8": "bq_standard:optional_retrieval"
    },
    "1:10": {
      "index:3": 1,
      "requiredItems:9": {
        "0:10": {
          "Count:3": 1,
          "Damage:2": 10025,
          "id:8": "gtlitecore:mte"
        }
      },
      "taskID:8": "bq_standard:retrieval"
    }
  }
}