{
  "preRequisites:11": [
    514601571
  ],
  "properties:10": {
    "betterquesting:10": {
      "desc:8": "No Description",
      "frame:8": "HEXAGON90",
      "icon:10": {
        "Count:3": 1,
        "Damage:2": 10114,
        "id:8": "gtlitecore:mte"
      },
      "name:8": "§6大型研磨机"
    }
  },
  "questID:3": 1762937559,
  "tasks:9": {
    "0:10": {
      "index:3": 0,
      "requiredItems:9": {
        "0:10": {
          "Count:3": 1,
          "Damage:2": 10114,
          "id:8": "gtlitecore:mte"
        }
      },
      "taskID:8": "bq_standard:retrieval"
    },
    "1:10": {
      "index:3": 1,
      "requiredItems:9": {
        "0:10": {
          "Count:3": 1,
          "OreDict:8": "casingPiston",
          "id:8": "gtlitecore:piston_casing"
        },
        "1:10": {
          "Count:3": 1,
          "OreDict:8": "casingMotor",
          "id:8": "gtlitecore:motor_casing"
        }
      },
      "taskID:8": "bq_standard:optional_retrieval"
    }
  }
}