{
  "preRequisites:11": [
    1408791673
  ],
  "properties:10": {
    "betterquesting:10": {
      "desc:8": "一台大型两极磁化机与电磁选矿机，尽管它可能不怎么常用，但可以帮助你自动化产出零部件中的磁化杆。\n\n需要§7巴氏合金§r作为外壳材料，这种材料需要§bMV§r搅拌机与大量的铅。\n\n§3你可能已经看见了，这台机器的造价基本都在那个力场发生器方块上，其他部分则十分廉价。",
      "frame:8": "HEXAGON90",
      "icon:10": {
        "Count:3": 1,
        "Damage:2": 10119,
        "id:8": "gtlitecore:mte"
      },
      "name:8": "§d大型电磁铁"
    }
  },
  "questID:3": 1836033087,
  "tasks:9": {
    "0:10": {
      "index:3": 0,
      "requiredItems:9": {
        "0:10": {
          "Count:3": 1,
          "Damage:2": 10119,
          "id:8": "gtlitecore:mte"
        }
      },
      "taskID:8": "bq_standard:retrieval"
    },
    "1:10": {
      "index:3": 1,
      "requiredItems:9": {
        "0:10": {
          "Count:3": 1,
          "OreDict:8": "casingFieldGen",
          "id:8": "gtlitecore:field_gen_casing"
        }
      },
      "taskID:8": "bq_standard:optional_retrieval"
    }
  }
}