{
  "preRequisites:11": [
    295458084
  ],
  "properties:10": {
    "betterquesting:10": {
      "desc:8": "青铜，红色合金，粗青铜合金，殷钢，有太多种合金需要制作，一般的蒸汽合金炉可能并不能满足你的生产需求，不妨看看这台大型机器。\n\n§3你的下一个多方块合金炉在HV阶段，所以尽情使用这台合金炉吧，它足够便宜且适用于大批量生产。",
      "frame:8": "HEXAGON90",
      "icon:10": {
        "Count:3": 1,
        "Damage:2": 10003,
        "id:8": "gtlitecore:mte"
      },
      "name:8": "§5我们需要更多合金"
    }
  },
  "questID:3": 2027694486,
  "rewards:9": {
    "0:10": {
      "choices:9": {
        "0:10": {
          "Count:3": 16,
          "Damage:2": 2517,
          "id:8": "gregtech:meta_ingot"
        },
        "1:10": {
          "Count:3": 16,
          "Damage:2": 287,
          "id:8": "gregtech:meta_ingot"
        }
      },
      "index:3": 0,
      "rewardID:8": "bq_standard:choice"
    }
  },
  "tasks:9": {
    "0:10": {
      "index:3": 0,
      "requiredItems:9": {
        "0:10": {
          "Count:3": 14,
          "id:8": "gregtech:metal_casing"
        },
        "1:10": {
          "Count:3": 16,
          "id:8": "gregtech:boiler_firebox_casing"
        },
        "2:10": {
          "Count:3": 1,
          "Damage:2": 11509,
          "id:8": "gregtech:mte"
        },
        "3:10": {
          "Count:3": 1,
          "Damage:2": 11508,
          "id:8": "gregtech:mte"
        },
        "4:10": {
          "Count:3": 1,
          "Damage:2": 11507,
          "id:8": "gregtech:mte"
        }
      },
      "taskID:8": "bq_standard:optional_retrieval"
    },
    "1:10": {
      "index:3": 1,
      "requiredItems:9": {
        "0:10": {
          "Count:3": 1,
          "Damage:2": 10003,
          "id:8": "gtlitecore:mte"
        }
      },
      "taskID:8": "bq_standard:retrieval"
    }
  }
}