{
  "preRequisites:11": [
    1546880750
  ],
  "properties:10": {
    "betterquesting:10": {
      "desc:8": "想要组装§b大师电路板§r这类的用于§4湿件电路§r的特殊电路板，就需要在组装的同时保持神经元的活性。给§6PCB工厂§r加装§2生物仓§r模块吧，纳米蜂群们会小心地保持着洁净的。\n\n§3它并不贵，毕竟你已经证明了你能驾驭它们（指PCB工厂需要一个大师电路板作为扫描材料），总之，加装这个结构需要付出的价格没那么吓人。",
      "frame:8": "HEXAGON90",
      "icon:10": {
        "Count:3": 1,
        "Damage:2": 5,
        "id:8": "gregtech:metal_casing"
      },
      "name:8": "§2§lPCB工厂升级：生物仓"
    }
  },
  "questID:3": 2116930246,
  "tasks:9": {}
}