{
  "preRequisites:11": [
    907088952
  ],
  "properties:10": {
    "betterquesting:10": {
      "desc:8": "No Description",
      "frame:8": "HEXAGON90",
      "icon:10": {
        "Count:3": 1,
        "Damage:2": 10108,
        "id:8": "gtlitecore:mte"
      },
      "name:8": "§b大型组装机"
    }
  },
  "questID:3": 419793592,
  "tasks:9": {
    "0:10": {
      "index:3": 0,
      "requiredItems:9": {
        "0:10": {
          "Count:3": 1,
          "Damage:2": 10108,
          "id:8": "gtlitecore:mte"
        }
      },
      "taskID:8": "bq_standard:retrieval"
    },
    "1:10": {
      "index:3": 1,
      "requiredItems:9": {
        "0:10": {
          "Count:3": 4,
          "OreDict:8": "robotArmCasingAny",
          "id:8": "gtlitecore:robot_arm_casing"
        },
        "1:10": {
          "Count:3": 4,
          "OreDict:8": "conveyorCasingAny",
          "id:8": "gtlitecore:conveyor_casing"
        }
      },
      "taskID:8": "bq_standard:optional_retrieval"
    }
  }
}