{
  "preRequisites:11": [
    295458084,
    1466692388,
    810274327
  ],
  "properties:10": {
    "betterquesting:10": {
      "desc:8": "一台大型熔炉，能够满足你的绝大多数熔炼需求。\n\n§3你的下一台多方块熔炉在HV阶段，不过或许你更喜欢钻石熔炉/黑曜石熔炉？这台多方块机器不是必须的，但你可以选择它。",
      "frame:8": "HEXAGON90",
      "icon:10": {
        "Count:3": 1,
        "Damage:2": 10024,
        "id:8": "gregtech:mte"
      },
      "name:8": "§c烈火熊熊"
    }
  },
  "questID:3": 491700739,
  "rewards:9": {
    "0:10": {
      "index:3": 0,
      "rewardID:8": "bq_standard:item",
      "rewards:9": {
        "0:10": {
          "Count:3": 64,
          "Damage:2": 335,
          "id:8": "gregtech:meta_ingot"
        }
      }
    }
  },
  "tasks:9": {
    "0:10": {
      "index:3": 0,
      "requiredItems:9": {
        "0:10": {
          "Count:3": 8,
          "id:8": "gregtech:metal_casing"
        },
        "1:10": {
          "Count:3": 8,
          "id:8": "gregtech:boiler_firebox_casing"
        },
        "2:10": {
          "Count:3": 1,
          "Damage:2": 11509,
          "id:8": "gregtech:mte"
        },
        "3:10": {
          "Count:3": 1,
          "Damage:2": 11508,
          "id:8": "gregtech:mte"
        },
        "4:10": {
          "Count:3": 1,
          "Damage:2": 11507,
          "id:8": "gregtech:mte"
        }
      },
      "taskID:8": "bq_standard:optional_retrieval"
    },
    "1:10": {
      "index:3": 1,
      "requiredItems:9": {
        "0:10": {
          "Count:3": 1,
          "Damage:2": 10024,
          "id:8": "gregtech:mte"
        }
      },
      "taskID:8": "bq_standard:retrieval"
    }
  }
}