{
  "preRequisites:11": [
    960756305
  ],
  "properties:10": {
    "betterquesting:10": {
      "desc:8": "你梦寐以求的多方块研磨机现已解锁！除此以外还有几种常用加工机器的大型版本，它们也很有用。",
      "frame:8": "DIAMOND_ON_CROSS",
      "icon:10": {
        "Count:3": 1,
        "Damage:2": 989,
        "id:8": "gregtech:mte"
      },
      "name:8": "§5§l超高压阶段的大型机器"
    }
  },
  "questID:3": 514601571,
  "tasks:9": {
    "0:10": {
      "index:3": 0,
      "taskID:8": "bq_standard:checkbox"
    }
  }
}