{
  "preRequisites:11": [
    2130252233
  ],
  "properties:10": {
    "betterquesting:10": {
      "desc:8": "你的电力时代大型机器的起点，想要制作这台机器，只需要一些§bMV§r级电路。\n\n§3如你所见，它能够完全替换你之前所使用的大型蒸汽压缩机，但后者毕竟是使用蒸汽为能源的，或许可以权衡两者在产线和生产中的具体使用。",
      "frame:8": "HEXAGON90",
      "icon:10": {
        "Count:3": 1,
        "Damage:2": 10101,
        "id:8": "gtlitecore:mte"
      },
      "name:8": "§8大型锻造锤"
    }
  },
  "questID:3": 768919097,
  "tasks:9": {
    "0:10": {
      "index:3": 0,
      "requiredItems:9": {
        "0:10": {
          "Count:3": 1,
          "Damage:2": 10101,
          "id:8": "gtlitecore:mte"
        }
      },
      "taskID:8": "bq_standard:retrieval"
    },
    "1:10": {
      "index:3": 1,
      "requiredItems:9": {
        "0:10": {
          "Count:3": 1,
          "OreDict:8": "casingPiston",
          "id:8": "gtlitecore:piston_casing"
        }
      },
      "taskID:8": "bq_standard:optional_retrieval"
    }
  }
}