{
  "preRequisites:11": [
    1454474719
  ],
  "properties:10": {
    "betterquesting:10": {
      "desc:8": "无穷无尽的§dUU物质§r。",
      "frame:8": "HEXAGON90",
      "icon:10": {
        "Count:3": 1,
        "Damage:2": 10133,
        "id:8": "gtlitecore:mte"
      },
      "name:8": "大型质量发生器"
    }
  },
  "questID:3": 827358167,
  "tasks:9": {
    "0:10": {
      "index:3": 0,
      "requiredItems:9": {
        "0:10": {
          "Count:3": 1,
          "Damage:2": 10133,
          "id:8": "gtlitecore:mte"
        }
      },
      "taskID:8": "bq_standard:retrieval"
    },
    "1:10": {
      "index:3": 1,
      "requiredItems:9": {
        "0:10": {
          "Count:3": 2,
          "OreDict:8": "casingEmitter",
          "id:8": "gtlitecore:emitter_casing"
        },
        "1:10": {
          "Count:3": 2,
          "OreDict:8": "casingSensor",
          "id:8": "gtlitecore:sensor_casing"
        },
        "2:10": {
          "Count:3": 4,
          "OreDict:8": "casingFieldGen",
          "id:8": "gtlitecore:field_gen_casing"
        },
        "3:10": {
          "Count:3": 4,
          "OreDict:8": "casingProcessor",
          "id:8": "gtlitecore:processor_casing"
        }
      },
      "taskID:8": "bq_standard:optional_retrieval"
    }
  }
}