{
  "preRequisiteTypes:7": [
    0,
    2
  ],
  "preRequisites:11": [
    1760559890,
    1847604030
  ],
  "properties:10": {
    "betterquesting:10": {
      "desc:8": "No Description",
      "frame:8": "HEXAGON90",
      "icon:10": {
        "Count:3": 1,
        "Damage:2": 5004,
        "id:8": "gtlitecore:gtlite_meta_item"
      },
      "name:8": "§9绝缘云母箔"
    }
  },
  "questID:3": 1267779891,
  "tasks:9": {
    "0:10": {
      "index:3": 0,
      "requiredItems:9": {
        "0:10": {
          "Count:3": 32,
          "Damage:2": 5003,
          "id:8": "gtlitecore:gtlite_meta_item"
        }
      },
      "taskID:8": "bq_standard:optional_retrieval"
    },
    "1:10": {
      "index:3": 1,
      "requiredItems:9": {
        "0:10": {
          "Count:3": 128,
          "Damage:2": 5004,
          "id:8": "gtlitecore:gtlite_meta_item"
        }
      },
      "taskID:8": "bq_standard:retrieval"
    }
  }
}