{
  "preRequisites:11": [
    1338192913
  ],
  "properties:10": {
    "betterquesting:10": {
      "desc:8": "No Description",
      "frame:8": "CIRCLE",
      "icon:10": {
        "Count:3": 1,
        "Damage:2": 12028,
        "id:8": "gtlitecore:meta_dust"
      },
      "name:8": "§5石油副产物"
    }
  },
  "questID:3": 1282026756,
  "tasks:9": {
    "0:10": {
      "index:3": 0,
      "requiredItems:9": {
        "0:10": {
          "Count:3": 16,
          "Damage:2": 12028,
          "id:8": "gtlitecore:meta_dust"
        },
        "1:10": {
          "Count:3": 16,
          "Damage:2": 12029,
          "id:8": "gtlitecore:meta_dust"
        }
      },
      "taskID:8": "bq_standard:retrieval"
    }
  }
}