{
  "preRequisiteTypes:7": [
    2,
    2
  ],
  "preRequisites:11": [
    811483129,
    627573784
  ],
  "properties:10": {
    "betterquesting:10": {
      "desc:8": "No Description",
      "frame:8": "HEXAGON90",
      "icon:10": {
        "Count:3": 1,
        "Damage:2": 500,
        "id:8": "gregtech:mte"
      },
      "name:8": "§d打包流水线"
    }
  },
  "questID:3": 1291838572,
  "tasks:9": {
    "0:10": {
      "index:3": 0,
      "requiredItems:9": {
        "0:10": {
          "Count:3": 1,
          "Damage:2": 500,
          "id:8": "gregtech:mte"
        }
      },
      "taskID:8": "bq_standard:retrieval"
    }
  }
}