{
  "preRequisiteTypes:7": [
    0,
    2,
    0,
    2
  ],
  "preRequisites:11": [
    1663596177,
    1940363270,
    1408641165,
    566748230
  ],
  "properties:10": {
    "betterquesting:10": {
      "desc:8": "No Description\n\n§3作为例子，不妨试着通过石油化工生产一些乙烯并合成聚乙烯吧！这是你前期经常使用的塑料之一。除此以外，去看看”如何发电“一章中的任务吧，其中应该有你所需要的利用石油燃料发电的相关信息。",
      "frame:8": "DIAMOND_ON_SQUARE",
      "icon:10": {
        "Count:3": 1,
        "id:8": "forge:bucketfilled",
        "tag:10": {
          "Amount:3": 1000,
          "FluidName:8": "oil"
        }
      },
      "name:8": "§8石油处理"
    }
  },
  "questID:3": 1338192913,
  "tasks:9": {
    "0:10": {
      "index:3": 0,
      "requiredFluids:9": {
        "0:10": {
          "Amount:3": 16000,
          "FluidName:8": "sulfuric_heavy_fuel"
        },
        "1:10": {
          "Amount:3": 16000,
          "FluidName:8": "sulfuric_light_fuel"
        },
        "2:10": {
          "Amount:3": 16000,
          "FluidName:8": "sulfuric_naphtha"
        },
        "3:10": {
          "Amount:3": 16000,
          "FluidName:8": "sulfuric_gas"
        }
      },
      "taskID:8": "bq_standard:fluid"
    },
    "1:10": {
      "index:3": 1,
      "requiredFluids:9": {
        "0:10": {
          "Amount:3": 16000,
          "FluidName:8": "heavy_fuel"
        },
        "1:10": {
          "Amount:3": 16000,
          "FluidName:8": "light_fuel"
        },
        "2:10": {
          "Amount:3": 16000,
          "FluidName:8": "naphtha"
        },
        "3:10": {
          "Amount:3": 16000,
          "FluidName:8": "refinery_gas"
        }
      },
      "taskID:8": "bq_standard:fluid"
    }
  }
}