{
  "preRequisiteTypes:7": [
    2
  ],
  "preRequisites:11": [
    1603368197
  ],
  "properties:10": {
    "betterquesting:10": {
      "desc:8": "把你从制作转子的冗长操作中解放出来，同时制作小型齿轮与齿轮等部件的配方或许也比§6合金炉§r要快。",
      "frame:8": "HEXAGON90",
      "icon:10": {
        "Count:3": 1,
        "Damage:2": 395,
        "id:8": "gregtech:mte"
      },
      "name:8": "§9流体固化机"
    }
  },
  "questID:3": 141978247,
  "rewards:9": {
    "0:10": {
      "choices:9": {
        "0:10": {
          "Count:3": 1,
          "Damage:2": 13,
          "id:8": "gregtech:meta_item_1"
        },
        "1:10": {
          "Count:3": 1,
          "Damage:2": 24,
          "id:8": "gregtech:meta_item_1"
        },
        "2:10": {
          "Count:3": 1,
          "Damage:2": 1008,
          "id:8": "gregtech:meta_item_1"
        }
      },
      "index:3": 0,
      "rewardID:8": "bq_standard:choice"
    }
  },
  "tasks:9": {
    "0:10": {
      "index:3": 0,
      "requiredItems:9": {
        "0:10": {
          "Count:3": 1,
          "Damage:2": 395,
          "id:8": "gregtech:mte"
        }
      },
      "taskID:8": "bq_standard:retrieval"
    }
  }
}