{
  "preRequisiteTypes:7": [
    2
  ],
  "preRequisites:11": [
    2048785376
  ],
  "properties:10": {
    "betterquesting:10": {
      "desc:8": "No Description",
      "frame:8": "EMPTY",
      "icon:10": {
        "Count:3": 1,
        "Damage:2": 471,
        "id:8": "gregtech:meta_item_1",
        "tag:10": {
          "Charge:4": 100000
        }
      },
      "name:8": "§e物品磁铁"
    }
  },
  "questID:3": 1435800964,
  "tasks:9": {
    "0:10": {
      "ignoreNBT:1": 1,
      "index:3": 0,
      "requiredItems:9": {
        "0:10": {
          "Count:3": 1,
          "Damage:2": 471,
          "id:8": "gregtech:meta_item_1",
          "tag:10": {
            "Charge:4": 0
          }
        }
      },
      "taskID:8": "bq_standard:retrieval"
    }
  }
}