{
  "preRequisites:11": [
    1919423198
  ],
  "properties:10": {
    "betterquesting:10": {
      "desc:8": "比你的蒸汽合金炉好一些，但也没好太多...",
      "frame:8": "HEXAGON90",
      "icon:10": {
        "Count:3": 1,
        "Damage:2": 80,
        "id:8": "gregtech:mte"
      },
      "name:8": "§c另一个合金炉"
    }
  },
  "questID:3": 1480697747,
  "tasks:9": {
    "0:10": {
      "index:3": 0,
      "requiredItems:9": {
        "0:10": {
          "Count:3": 1,
          "Damage:2": 80,
          "id:8": "gregtech:mte"
        }
      },
      "taskID:8": "bq_standard:retrieval"
    }
  }
}