{
  "preRequisites:11": [
    1919423198
  ],
  "properties:10": {
    "betterquesting:10": {
      "desc:8": "清理占据你的流体容器的不必要流体。",
      "frame:8": "GEAR",
      "icon:10": {
        "Count:3": 1,
        "id:8": "gregtech:plunger",
        "tag:10": {
          "DisallowContainerItem:1": 0,
          "GT.Behaviours:10": {},
          "GT.Tool:10": {
            "AttackDamage:5": 0.0,
            "AttackSpeed:5": -2.4,
            "Durability:3": 0,
            "Material:8": "gregtech:rubber",
            "MaxDurability:3": 255
          },
          "HideFlags:3": 2
        }
      },
      "name:8": "§6搋子"
    }
  },
  "questID:3": 1503624632,
  "rewards:9": {
    "0:10": {
      "index:3": 0,
      "rewardID:8": "bq_standard:item",
      "rewards:9": {
        "0:10": {
          "Count:3": 1,
          "id:8": "gregtech:plunger",
          "tag:10": {
            "DisallowContainerItem:1": 0,
            "GT.Behaviours:10": {},
            "GT.Tool:10": {
              "AttackDamage:5": 0.0,
              "AttackSpeed:5": -2.4,
              "Durability:3": 0,
              "HarvestLevel:3": 1,
              "Material:8": "gtlitecore:fullerene_polymer_matrix",
              "MaxDurability:3": 524287
            },
            "HideFlags:3": 2
          }
        }
      }
    }
  },
  "tasks:9": {
    "0:10": {
      "index:3": 0,
      "requiredItems:9": {
        "0:10": {
          "Count:3": 1,
          "id:8": "gregtech:plunger",
          "tag:10": {
            "DisallowContainerItem:1": 0,
            "GT.Behaviours:10": {},
            "GT.Tool:10": {
              "AttackDamage:5": 0.0,
              "AttackSpeed:5": -2.4,
              "Durability:3": 0,
              "Material:8": "gregtech:rubber",
              "MaxDurability:3": 255
            },
            "HideFlags:3": 2
          }
        }
      },
      "taskID:8": "bq_standard:retrieval"
    }
  }
}