{
  "preRequisites:11": [
    1935140119,
    264657195
  ],
  "properties:10": {
    "betterquesting:10": {
      "desc:8": "No Description",
      "frame:8": "EMPTY",
      "icon:10": {
        "Count:3": 1,
        "Damage:2": 10001,
        "id:8": "gregtech:mte"
      },
      "name:8": "§a电力高炉"
    }
  },
  "questID:3": 1652908572,
  "rewards:9": {
    "0:10": {
      "index:3": 0,
      "rewardID:8": "bq_standard:item",
      "rewards:9": {
        "0:10": {
          "Count:3": 1,
          "id:8": "simple_trophies:trophy",
          "tag:10": {
            "TrophyColorBlue:3": 120,
            "TrophyColorGreen:3": 120,
            "TrophyColorRed:3": 180,
            "TrophyEarnedAt:4": 1750660833,
            "TrophyItem:10": {
              "Count:1": 1,
              "Damage:2": 1001,
              "id:8": "gregtech:mte"
            },
            "TrophyName:8": "电力高炉",
            "TrophyShowsTooltip:1": 1,
            "TrophyVariant:8": "classic"
          }
        }
      }
    },
    "1:10": {
      "index:3": 1,
      "rewardID:8": "bq_standard:item",
      "rewards:9": {
        "0:10": {
          "Count:3": 1,
          "id:8": "gregtech:mallet",
          "tag:10": {
            "DisallowContainerItem:1": 0,
            "GT.Behaviours:10": {},
            "GT.Tool:10": {
              "AttackDamage:5": 0.0,
              "AttackSpeed:5": -2.4,
              "Durability:3": 0,
              "Material:8": "gtlitecore:fullerene_polymer_matrix",
              "MaxDurability:3": 524287
            },
            "HideFlags:3": 2
          }
        }
      }
    }
  },
  "tasks:9": {}
}