{
  "preRequisiteTypes:7": [
    2,
    0
  ],
  "preRequisites:11": [
    574025173,
    984079896
  ],
  "properties:10": {
    "betterquesting:10": {
      "desc:8": "No Description",
      "frame:8": "DIAMOND",
      "icon:10": {
        "Count:3": 1,
        "id:8": "forge:bucketfilled",
        "tag:10": {
          "Amount:3": 1000,
          "FluidName:8": "oxygen"
        }
      },
      "name:8": "§9氧气",
      "questlogic:8": "OR"
    }
  },
  "questID:3": 1654248190,
  "tasks:9": {
    "0:10": {
      "index:3": 0,
      "requiredFluids:9": {
        "0:10": {
          "Amount:3": 16000,
          "FluidName:8": "oxygen"
        }
      },
      "taskID:8": "bq_standard:fluid"
    }
  }
}