{
  "preRequisiteTypes:7": [
    2,
    2
  ],
  "preRequisites:11": [
    572375757,
    552625525
  ],
  "properties:10": {
    "betterquesting:10": {
      "desc:8": "No Description",
      "frame:8": "DIAMOND",
      "icon:10": {
        "Count:3": 1,
        "id:8": "forge:bucketfilled",
        "tag:10": {
          "Amount:3": 1000,
          "FluidName:8": "iron_iii_chloride"
        }
      },
      "name:8": "§a基本蚀刻剂",
      "questlogic:8": "OR"
    }
  },
  "questID:3": 1660722430,
  "tasks:9": {
    "0:10": {
      "index:3": 0,
      "taskID:8": "bq_standard:checkbox"
    }
  }
}