{
  "preRequisiteTypes:7": [
    2
  ],
  "preRequisites:11": [
    1903987527
  ],
  "properties:10": {
    "betterquesting:10": {
      "desc:8": "No Description",
      "frame:8": "HEXAGON90",
      "icon:10": {
        "Count:3": 1,
        "Damage:2": 5001,
        "id:8": "gtlitecore:gtlite_meta_item"
      },
      "name:8": "§6胶质云母"
    }
  },
  "questID:3": 168999159,
  "tasks:9": {
    "0:10": {
      "index:3": 0,
      "requiredItems:9": {
        "0:10": {
          "Count:3": 32,
          "Damage:2": 5001,
          "id:8": "gtlitecore:gtlite_meta_item"
        }
      },
      "taskID:8": "bq_standard:retrieval"
    }
  }
}