{
  "preRequisiteTypes:7": [
    2
  ],
  "preRequisites:11": [
    1579334975
  ],
  "properties:10": {
    "betterquesting:10": {
      "desc:8": "解放你的锉刀，§6车床§r可以§b1:2§r生产杆，还用于生产用于工具组装的圆锯锯片。\n\n§3一些其他模组的材料也由此解锁，例如末影注入棍。",
      "frame:8": "HEXAGON90",
      "icon:10": {
        "Count:3": 1,
        "Damage:2": 440,
        "id:8": "gregtech:mte"
      },
      "name:8": "§4车床"
    }
  },
  "questID:3": 1726518730,
  "rewards:9": {
    "0:10": {
      "index:3": 0,
      "rewardID:8": "bq_standard:item",
      "rewards:9": {
        "0:10": {
          "Count:3": 1,
          "id:8": "gregtech:file",
          "tag:10": {
            "DisallowContainerItem:1": 0,
            "GT.Behaviours:10": {
              "RelocateMinedBlocks:1": 1
            },
            "GT.Tool:10": {
              "AttackDamage:5": 0.0,
              "AttackSpeed:5": -2.2,
              "Durability:3": 0,
              "Material:8": "gtlitecore:metastable_oganesson",
              "MaxDurability:3": 110591
            },
            "HideFlags:3": 2,
            "ench:9": {
              "0:10": {
                "id:2": 70,
                "lvl:2": 3
              }
            }
          }
        }
      }
    }
  },
  "tasks:9": {
    "0:10": {
      "index:3": 0,
      "requiredItems:9": {
        "0:10": {
          "Count:3": 1,
          "Damage:2": 440,
          "id:8": "gregtech:mte"
        }
      },
      "taskID:8": "bq_standard:retrieval"
    }
  }
}