{
  "preRequisiteTypes:7": [
    2
  ],
  "preRequisites:11": [
    1579334975
  ],
  "properties:10": {
    "betterquesting:10": {
      "desc:8": "或许蒸汽压缩机或§6大型蒸汽压缩机§r是个好的选择？\n\n§3但你始终需要制作一台它，如果你想要大型锻造锤的话，这是你的第一台可制作的大型机器，包括锻造锤与压缩机两种模式。",
      "frame:8": "HEXAGON90",
      "icon:10": {
        "Count:3": 1,
        "Damage:2": 230,
        "id:8": "gregtech:mte"
      },
      "name:8": "§7电动压缩机"
    }
  },
  "questID:3": 1760321674,
  "tasks:9": {
    "0:10": {
      "index:3": 0,
      "requiredItems:9": {
        "0:10": {
          "Count:3": 1,
          "Damage:2": 230,
          "id:8": "gregtech:mte"
        }
      },
      "taskID:8": "bq_standard:retrieval"
    }
  }
}