{
  "preRequisiteTypes:7": [
    2,
    2
  ],
  "preRequisites:11": [
    811483129,
    627573784
  ],
  "properties:10": {
    "betterquesting:10": {
      "desc:8": "No Description",
      "frame:8": "HEXAGON90",
      "icon:10": {
        "Count:3": 1,
        "Damage:2": 110,
        "id:8": "gregtech:mte"
      },
      "name:8": "§c组装机"
    }
  },
  "questID:3": 185791899,
  "rewards:9": {
    "0:10": {
      "index:3": 0,
      "rewardID:8": "bq_standard:item",
      "rewards:9": {
        "0:10": {
          "Count:3": 1,
          "id:8": "gregtech:wrench_iv",
          "tag:10": {
            "Charge:4": 25600000,
            "DisallowContainerItem:1": 0,
            "GT.Behaviours:10": {
              "RelocateMinedBlocks:1": 1
            },
            "GT.Tool:10": {
              "AttackDamage:5": 96.0,
              "AttackSpeed:5": -2.6,
              "Durability:3": 0,
              "HarvestLevel:3": 7,
              "Material:8": "gtlitecore:metastable_oganesson",
              "MaxDurability:3": 110591,
              "ToolSpeed:5": 224.0
            },
            "HideFlags:3": 2,
            "MaxCharge:4": 25600000
          }
        }
      }
    }
  },
  "tasks:9": {
    "0:10": {
      "index:3": 0,
      "requiredItems:9": {
        "0:10": {
          "Count:3": 1,
          "Damage:2": 110,
          "id:8": "gregtech:mte"
        }
      },
      "taskID:8": "bq_standard:retrieval"
    }
  }
}