{
  "preRequisiteTypes:7": [
    2
  ],
  "preRequisites:11": [
    1919423198
  ],
  "properties:10": {
    "betterquesting:10": {
      "desc:8": "用来探测与传输信号。\n\n§3传感器也解锁了末影接口的方块传感器与一些其他模组的检测类物品/方块，如果你不嫌弃速度的话，传感器解锁的单方块采矿机也是一种矿物来源。",
      "frame:8": "SQUARE",
      "icon:10": {
        "Count:3": 1,
        "Damage:2": 232,
        "id:8": "gregtech:meta_item_1"
      },
      "name:8": "§7§l传感器"
    }
  },
  "questID:3": 1905249503,
  "rewards:9": {
    "0:10": {
      "index:3": 0,
      "rewardID:8": "bq_standard:item",
      "rewards:9": {
        "0:10": {
          "Count:3": 1,
          "Damage:2": 232,
          "id:8": "gregtech:meta_item_1"
        }
      }
    }
  },
  "tasks:9": {
    "0:10": {
      "index:3": 0,
      "requiredItems:9": {
        "0:10": {
          "Count:3": 1,
          "Damage:2": 232,
          "id:8": "gregtech:meta_item_1"
        }
      },
      "taskID:8": "bq_standard:retrieval"
    }
  }
}