{
  "preRequisites:11": [
    1775197747
  ],
  "properties:10": {
    "betterquesting:10": {
      "desc:8": "你已经在蒸汽时代漫步了许久了，现在是时候来了解电力这一概念了。\n\n// ...\n\n如果你接触过§bGT5§r或更早的GT，那么值得注意的是，在GTCEu中，§2不能在机器的充电槽中消耗红石为机器提供能量。§r\n\n§3记得看看任务书中的“批量生产”一章，大部分生产机器的大型机器版本从LV级到IV级解锁，尽管LV阶段只有一个大型锻造锤可制作，但是随着阶段攀升，可以制作的大型机器越来越多，所以记得每到一个阶段都去看看！",
      "icon:10": {
        "Count:3": 1,
        "id:8": "betterquesting:placeholder"
      },
      "name:8": "§6安全用电的基本知识"
    }
  },
  "questID:3": 1919423198,
  "rewards:9": {
    "0:10": {
      "index:3": 0,
      "rewardID:8": "bq_standard:item",
      "rewards:9": {
        "0:10": {
          "Count:3": 1,
          "id:8": "simple_trophies:trophy",
          "tag:10": {
            "TrophyColorBlue:3": 220,
            "TrophyColorGreen:3": 220,
            "TrophyColorRed:3": 220,
            "TrophyEarnedAt:4": 0,
            "TrophyItem:10": {
              "Count:1": 1,
              "Damage:2": 986,
              "id:8": "gregtech:mte"
            },
            "TrophyName:8": "低压",
            "TrophyShowsTooltip:1": 1,
            "TrophyVariant:8": "neon"
          }
        }
      }
    },
    "1:10": {
      "index:3": 1,
      "rewardID:8": "bq_standard:item",
      "rewards:9": {
        "0:10": {
          "Count:3": 1,
          "Damage:2": 469,
          "id:8": "gregtech:meta_item_1",
          "tag:10": {
            "Charge:4": 100000
          }
        }
      }
    }
  },
  "tasks:9": {
    "0:10": {
      "index:3": 0,
      "taskID:8": "bq_standard:checkbox"
    }
  }
}