{
  "preRequisiteTypes:7": [
    2,
    0,
    0
  ],
  "preRequisites:11": [
    185791899,
    1267779891,
    1513456368
  ],
  "properties:10": {
    "betterquesting:10": {
      "desc:8": "No Description",
      "frame:8": "GATE",
      "icon:10": {
        "Count:3": 1,
        "id:8": "gregtech:wire_coil"
      },
      "name:8": "§6§l白铜线圈方块"
    }
  },
  "questID:3": 1935140119,
  "tasks:9": {
    "0:10": {
      "index:3": 0,
      "requiredItems:9": {
        "0:10": {
          "Count:3": 128,
          "Damage:2": 274,
          "id:8": "gregtech:wire_double"
        },
        "1:10": {
          "Count:3": 128,
          "Damage:2": 5004,
          "id:8": "gtlitecore:gtlite_meta_item"
        }
      },
      "taskID:8": "bq_standard:optional_retrieval"
    },
    "1:10": {
      "index:3": 1,
      "requiredItems:9": {
        "0:10": {
          "Count:3": 16,
          "id:8": "gregtech:wire_coil"
        }
      },
      "taskID:8": "bq_standard:retrieval"
    }
  }
}