{
  "preRequisiteTypes:7": [
    2
  ],
  "preRequisites:11": [
    1603368197
  ],
  "properties:10": {
    "betterquesting:10": {
      "desc:8": "No Description",
      "frame:8": "CIRCLE",
      "icon:10": {
        "Count:3": 1,
        "id:8": "enderio:block_reservoir"
      },
      "name:8": "§3末影蓄水槽"
    }
  },
  "questID:3": 2038094250,
  "rewards:9": {
    "0:10": {
      "index:3": 0,
      "rewardID:8": "bq_standard:item",
      "rewards:9": {
        "0:10": {
          "Count:3": 1,
          "Damage:2": 310,
          "id:8": "gregtech:meta_item_1"
        }
      }
    }
  },
  "tasks:9": {
    "0:10": {
      "index:3": 0,
      "requiredItems:9": {
        "0:10": {
          "Count:3": 4,
          "id:8": "enderio:block_reservoir"
        }
      },
      "taskID:8": "bq_standard:retrieval"
    }
  }
}