{
  "preRequisiteTypes:7": [
    2,
    2,
    2,
    0
  ],
  "preRequisites:11": [
    185791899,
    918396299,
    1905249503,
    1338192913
  ],
  "properties:10": {
    "betterquesting:10": {
      "desc:8": "驱使采矿无人机们为你采矿是一个好主意，你只需要给它们提供些填饱肚子的东西就好了。§6采矿无人机坪§r是无人机们休息与工作的基础，这个机器拥有繁多的配方池以尽可能容纳所有种类的矿石。同时所有的采矿配方分为6个等级，可以使用的燃料与作为催化剂的§7钻头§r与§7杆§r的材质也不一样。\n\n请§a尽可能§r阅读这个任务的说明，因为关于采矿无人机坪的几乎所有信息都在这里说明了（因为配方池过大，所以查询§2JEI§r的效果可能不尽人意）。\n\n在采矿无人机坪中，想要驱使无人机挖掘特定的矿脉需要使用§a编程电路§r来指定矿脉类型，同时会根据无人机坪中的无人机数量来决定具体的配方（分别可以放入§e1§r个，§e4§r个与§e16§r个），这3种情况下需要提供不同的§7钻头§r与§7杆§r来区分配方。\n\n§8基础配方§r（§7LV§r级-§6HV§r级）\n- §7LV§r级配方：§e1§r个：铁，§e4§r个：青铜，§e16§r个：殷钢\n- §bMV§r级配方：§e1§r个：锻铁，§e4§r个：钢，§e16§r个：钻石\n- §6HV§r级配方：§e1§r个：铝，§e4§r个：钴黄铜，§e16§r个：不锈钢\n\n§e进阶配方§r（§bMV§r级-§5EV§r级）\n- §bMV§r级配方：§e1§r个：锻铁，§e4§r个：钢，§e16§r个：钻石\n- §6HV§r级配方：§e1§r个：铝，§e4§r个：钴黄铜，§e16§r个：不锈钢\n- §5EV§r级配方：§e1§r个：钒钢，§e4§r个：蓝钢，§e16§r个：红钢\n\n§a精英配方§r（§6HV§r级-§1IV§r级）\n- §6HV§r级配方：§e1§r个：铝，§e4§r个：钴黄铜，§e16§r个：不锈钢\n- §5EV§r级配方：§e1§r个：钒钢，§e4§r个：蓝钢，§e16§r个：红钢\n- §1IV§r级配方：§e1§r个：钛，§e4§r个：哈氏合金，§e16§r个：碳化钨\n\n§b终极配方§r（§5EV§r级-§dLuV§r级）\n- §5EV§r级配方：§e1§r个：钒钢，§e4§r个：蓝钢，§e16§r个：红钢\n- §1IV§r级配方：§e1§r个：钛，§e4§r个：哈氏合金，§e16§r个：碳化钨\n- §dLuV§r级配方：§e1§r个：钨钢，§e4§r个：硅岩，§e16§r个：钛酸锂\n\n§c史诗配方§r（§1IV§r级-§cZPM§r级）\n- §1IV§r级配方：§e1§r个：钛，§e4§r个：哈氏合金，§e16§r个：碳化钨\n- §dLuV§r级配方：§e1§r个：钨钢，§e4§r个：硅岩，§e16§r个：钛酸锂\n- §cZPM§r级配方：§e1§r个：铱，§e4§r个：高速钢-E，§e16§r个：硅岩合金\n\n§4传奇配方§r（§dLuV§r级-§3UV§r级）\n- §dLuV§r级配方：§e1§r个：钨钢，§e4§r个：硅岩，§e16§r个：钛酸锂\n- §cZPM§r级配方：§e1§r个：铱，§e4§r个：高速钢-E，§e16§r个：硅岩合金\n- §3UV§r级配方：§e1§r个：铿铀，§e4§r个：中子，§e16§r个：精金\n\n§6采矿无人机坪§r的配方所需的燃料配合6个配方等级，也有6个阶段，燃料的消耗从前到后依次递减（也有一部分燃料是平级的，例如柴油和生物柴油），所有配方的可使用燃料如下：\n\n§8基础配方§r（§7LV§r级-§6HV§r级）\n轻燃油、重燃油、柴油、生物柴油、汽油、高十六烷值柴油、高辛烷值汽油、偏二甲肼-四氧化二氮火箭燃料、RP-1火箭燃料、混合浓缩肼火箭燃料、硝酸甲肼火箭燃料\n\n§e进阶配方§r（§bMV§r级-§5EV§r级）\n柴油、生物柴油、汽油、高十六烷值柴油、高辛烷值汽油、偏二甲肼-四氧化二氮火箭燃料、RP-1火箭燃料、混合浓缩肼火箭燃料、硝酸甲肼火箭燃料\n\n§a精英配方§r（§6HV§r级-§1IV§r级）\n汽油、高十六烷值柴油、高辛烷值汽油、偏二甲肼-四氧化二氮火箭燃料、RP-1火箭燃料、混合浓缩肼火箭燃料、硝酸甲肼火箭燃料\n\n§b终极配方§r（§5EV§r级-§dLuV§r级）\n高十六烷值柴油、高辛烷值汽油、偏二甲肼-四氧化二氮火箭燃料、RP-1火箭燃料、混合浓缩肼火箭燃料、硝酸甲肼火箭燃料\n\n§c史诗配方§r（§1IV§r级-§cZPM§r级）\n高辛烷值汽油、偏二甲肼-四氧化二氮火箭燃料、RP-1火箭燃料、混合浓缩肼火箭燃料、硝酸甲肼火箭燃料\n\n§4传奇配方§r（§dLuV§r级-§3UV§r级）\n混合浓缩肼火箭燃料、硝酸甲肼火箭燃料",
      "icon:10": {
        "Count:3": 1,
        "Damage:2": 10006,
        "id:8": "gtlitecore:mte"
      },
      "name:8": "§b采矿无人机坪"
    }
  },
  "questID:3": 2045910074,
  "rewards:9": {
    "0:10": {
      "index:3": 0,
      "rewardID:8": "bq_standard:item",
      "rewards:9": {
        "0:10": {
          "Count:3": 1,
          "id:8": "simple_trophies:trophy",
          "tag:10": {
            "TrophyColorBlue:3": 135,
            "TrophyColorGreen:3": 75,
            "TrophyColorRed:3": 75,
            "TrophyEarnedAt:4": 1750661073,
            "TrophyItem:10": {
              "Count:1": 1,
              "Damage:3": 10006,
              "id:8": "gtlitecore:mte"
            },
            "TrophyName:8": "真正的采矿机",
            "TrophyShowsTooltip:1": 1,
            "TrophyVariant:8": "classic"
          }
        }
      }
    },
    "1:10": {
      "choices:9": {
        "0:10": {
          "Count:3": 16,
          "Damage:2": 321,
          "id:8": "gtlitecore:gtlite_meta_item"
        },
        "1:10": {
          "Count:3": 1,
          "Damage:2": 2018,
          "id:8": "gtlitecore:mte",
          "tag:10": {
            "Fluid:10": {
              "Amount:3": 256000,
              "FluidName:8": "oil"
            }
          }
        }
      },
      "index:3": 1,
      "rewardID:8": "bq_standard:choice"
    }
  },
  "tasks:9": {
    "0:10": {
      "index:3": 0,
      "requiredItems:9": {
        "0:10": {
          "Count:3": 1,
          "Damage:2": 10006,
          "id:8": "gtlitecore:mte"
        }
      },
      "taskID:8": "bq_standard:retrieval"
    }
  }
}