{
  "preRequisiteTypes:7": [
    0,
    2
  ],
  "preRequisites:11": [
    534261927,
    1903987527
  ],
  "properties:10": {
    "betterquesting:10": {
      "desc:8": "No Description",
      "frame:8": "DIAMOND",
      "icon:10": {
        "Count:3": 1,
        "Damage:2": 717,
        "id:8": "gregtech:meta_item_1"
      },
      "name:8": "§e电池"
    }
  },
  "questID:3": 2048785376,
  "tasks:9": {
    "0:10": {
      "index:3": 0,
      "requiredItems:9": {
        "0:10": {
          "Count:3": 5,
          "Damage:2": 256,
          "id:8": "gregtech:meta_dust"
        }
      },
      "taskID:8": "bq_standard:optional_retrieval"
    },
    "1:10": {
      "index:3": 1,
      "requiredItems:9": {
        "0:10": {
          "Count:3": 1,
          "Damage:2": 717,
          "id:8": "gregtech:meta_item_1"
        }
      },
      "taskID:8": "bq_standard:retrieval"
    },
    "2:10": {
      "ignoreNBT:1": 1,
      "index:3": 2,
      "requiredItems:9": {
        "0:10": {
          "Count:3": 1,
          "Damage:2": 735,
          "id:8": "gregtech:meta_item_1",
          "tag:10": {
            "Charge:4": 0
          }
        },
        "1:10": {
          "Count:3": 1,
          "Damage:2": 732,
          "id:8": "gregtech:meta_item_1",
          "tag:10": {
            "Charge:4": 0
          }
        },
        "2:10": {
          "Count:3": 1,
          "Damage:2": 738,
          "id:8": "gregtech:meta_item_1",
          "tag:10": {
            "Charge:4": 0
          }
        }
      },
      "taskID:8": "bq_standard:optional_retrieval"
    }
  }
}