{
  "preRequisiteTypes:7": [
    2,
    2
  ],
  "preRequisites:11": [
    1481366878,
    1370457451
  ],
  "properties:10": {
    "betterquesting:10": {
      "desc:8": "No Description",
      "frame:8": "HEXAGON90",
      "icon:10": {
        "Count:3": 1,
        "Damage:2": 228,
        "id:8": "gtlitecore:mte"
      },
      "name:8": "§9质量发生器"
    }
  },
  "questID:3": 2052530456,
  "tasks:9": {
    "0:10": {
      "index:3": 0,
      "requiredItems:9": {
        "0:10": {
          "Count:3": 1,
          "Damage:2": 228,
          "id:8": "gtlitecore:mte"
        }
      },
      "taskID:8": "bq_standard:retrieval"
    }
  }
}