{
  "preRequisites:11": [
    185791899
  ],
  "properties:10": {
    "betterquesting:10": {
      "desc:8": "No Description",
      "frame:8": "HEXAGON90",
      "icon:10": {
        "Count:3": 1,
        "Damage:2": 11121,
        "id:8": "gregtech:mte"
      },
      "name:8": "§b为多方块接入能量"
    }
  },
  "questID:3": 264657195,
  "tasks:9": {
    "0:10": {
      "index:3": 0,
      "taskID:8": "bq_standard:checkbox"
    },
    "1:10": {
      "index:3": 1,
      "requiredItems:9": {
        "0:10": {
          "Count:3": 1,
          "Damage:2": 11121,
          "id:8": "gregtech:mte"
        },
        "1:10": {
          "Count:3": 1,
          "Damage:2": 11136,
          "id:8": "gregtech:mte"
        }
      },
      "taskID:8": "bq_standard:optional_retrieval"
    }
  }
}