{
  "preRequisites:11": [
    1919423198
  ],
  "properties:10": {
    "betterquesting:10": {
      "desc:8": "先给锭锤炼成板，再给板敲成箔，最后给箔绞成导线，这太麻烦了。考虑到我们已经来到了电力时代，我们需要设计一个用于自动绞压线材的机器，于是就有了这台机器。\n\n这台机器可以通过配置§3编程电路§r来控制§6原材料的输入形式与输出的线材形式§r，不仅支持§9所有尺寸的导线与细导线§r的制作，还支持一系列其他模组的配方，例如使用§8聚己内酰胺§r轧制原版的线。\n\n§3现在末影设备中的原材料末影绳索解锁了，这意味着一系列实用设备与工具的解锁，例如末影炉与末影套索等。",
      "frame:8": "HEXAGON90",
      "icon:10": {
        "Count:3": 1,
        "Damage:2": 620,
        "id:8": "gregtech:mte"
      },
      "name:8": "§a让你的剪线钳休息一下"
    }
  },
  "questID:3": 295559920,
  "rewards:9": {
    "0:10": {
      "index:3": 0,
      "rewardID:8": "bq_standard:item",
      "rewards:9": {
        "0:10": {
          "Count:3": 1,
          "id:8": "gregtech:wire_cutter_iv",
          "tag:10": {
            "Charge:4": 25600000,
            "DisallowContainerItem:1": 0,
            "GT.Behaviours:10": {
              "RelocateMinedBlocks:1": 1
            },
            "GT.Tool:10": {
              "AttackDamage:5": 94.0,
              "AttackSpeed:5": -2.2,
              "Durability:3": 0,
              "HarvestLevel:3": 7,
              "Material:8": "gtlitecore:metastable_oganesson",
              "MaxDurability:3": 110591,
              "ToolSpeed:5": 224.0
            },
            "HideFlags:3": 2,
            "MaxCharge:4": 25600000
          }
        }
      }
    }
  },
  "tasks:9": {
    "0:10": {
      "index:3": 0,
      "requiredItems:9": {
        "0:10": {
          "Count:3": 1,
          "Damage:2": 620,
          "id:8": "gregtech:mte"
        }
      },
      "taskID:8": "bq_standard:retrieval"
    }
  }
}