{
  "preRequisiteTypes:7": [
    2,
    2,
    0
  ],
  "preRequisites:11": [
    185791899,
    1903987527,
    565745207
  ],
  "properties:10": {
    "betterquesting:10": {
      "desc:8": "No Description\n\n§3很遗憾地告诉你，如果你想直接开始使用电力高炉烧制硅晶棒并切割出硅晶圆来使用高级配方，那么你会发现这个配方需要的电压是MV级，所以还是先使用砷化镓的配方吧。",
      "frame:8": "PRICKLE",
      "icon:10": {
        "Count:3": 1,
        "Damage:2": 521,
        "id:8": "gregtech:meta_item_1"
      },
      "name:8": "§7二极管"
    }
  },
  "questID:3": 369071060,
  "tasks:9": {
    "0:10": {
      "index:3": 0,
      "requiredItems:9": {
        "0:10": {
          "Count:3": 8,
          "Damage:2": 521,
          "id:8": "gregtech:meta_item_1"
        }
      },
      "taskID:8": "bq_standard:retrieval"
    }
  }
}