{
  "preRequisites:11": [
    918396299,
    1905249503,
    1481366878
  ],
  "properties:10": {
    "betterquesting:10": {
      "desc:8": "No Description",
      "frame:8": "HEXAGON90",
      "icon:10": {
        "Count:3": 1,
        "Damage:2": 1391,
        "id:8": "gregtech:mte"
      },
      "name:8": "§9加速世界"
    }
  },
  "questID:3": 37465416,
  "tasks:9": {
    "0:10": {
      "index:3": 0,
      "requiredItems:9": {
        "0:10": {
          "Count:3": 1,
          "Damage:2": 1391,
          "id:8": "gregtech:mte"
        }
      },
      "taskID:8": "bq_standard:retrieval"
    }
  }
}