{
  "preRequisiteTypes:7": [
    2,
    2,
    2
  ],
  "preRequisites:11": [
    352386416,
    33679465,
    574025173
  ],
  "properties:10": {
    "betterquesting:10": {
      "desc:8": "No Description",
      "frame:8": "STAR4",
      "icon:10": {
        "Count:3": 1,
        "Damage:2": 39,
        "id:8": "gregtech:meta_dust"
      },
      "name:8": "§7获得镓"
    }
  },
  "questID:3": 565745207,
  "tasks:9": {
    "0:10": {
      "index:3": 0,
      "requiredItems:9": {
        "0:10": {
          "Count:3": 16,
          "Damage:2": 39,
          "id:8": "gregtech:meta_dust"
        }
      },
      "taskID:8": "bq_standard:retrieval"
    }
  }
}