{
  "preRequisiteTypes:7": [
    2
  ],
  "preRequisites:11": [
    185791899
  ],
  "properties:10": {
    "betterquesting:10": {
      "desc:8": "No Description",
      "frame:8": "STAR4",
      "icon:10": {
        "Count:3": 1,
        "Damage:2": 402,
        "id:8": "gregtech:meta_item_1"
      },
      "name:8": "§6优质电路板"
    }
  },
  "questID:3": 58271814,
  "tasks:9": {
    "0:10": {
      "index:3": 0,
      "requiredItems:9": {
        "0:10": {
          "Count:3": 2,
          "Damage:2": 402,
          "id:8": "gregtech:meta_item_1"
        }
      },
      "taskID:8": "bq_standard:retrieval"
    }
  }
}