{
  "preRequisites:11": [
    1919423198
  ],
  "properties:10": {
    "betterquesting:10": {
      "desc:8": "让我们节约一点红石，§6两极磁化机§r可以直接磁化金属杆。",
      "frame:8": "HEXAGON90",
      "icon:10": {
        "Count:3": 1,
        "Damage:2": 545,
        "id:8": "gregtech:mte"
      },
      "name:8": "§9两极磁化机"
    }
  },
  "questID:3": 641879794,
  "rewards:9": {
    "0:10": {
      "choices:9": {
        "0:10": {
          "Count:3": 32,
          "id:8": "minecraft:iron_ingot"
        },
        "1:10": {
          "Count:3": 32,
          "Damage:2": 112,
          "id:8": "gregtech:meta_ingot"
        }
      },
      "index:3": 0,
      "rewardID:8": "bq_standard:choice"
    }
  },
  "tasks:9": {
    "0:10": {
      "index:3": 0,
      "requiredItems:9": {
        "0:10": {
          "Count:3": 1,
          "Damage:2": 545,
          "id:8": "gregtech:mte"
        }
      },
      "taskID:8": "bq_standard:retrieval"
    }
  }
}