{
  "preRequisiteTypes:7": [
    2
  ],
  "preRequisites:11": [
    627573784
  ],
  "properties:10": {
    "betterquesting:10": {
      "desc:8": "对于§bMV§r级及以上的线缆，你无法手动为其覆盖绝缘层了！\n\n§6过胶机§r可以为导线涂敷橡胶绝缘层，除此以外，你可以使用这台机器来自动化生产那些需要包层的线缆。",
      "frame:8": "HEXAGON90",
      "icon:10": {
        "Count:3": 1,
        "Damage:2": 63,
        "id:8": "gtlitecore:mte"
      },
      "name:8": "§e自动包线器"
    }
  },
  "questID:3": 661128699,
  "tasks:9": {
    "0:10": {
      "index:3": 0,
      "requiredItems:9": {
        "0:10": {
          "Count:3": 1,
          "Damage:2": 63,
          "id:8": "gtlitecore:mte"
        }
      },
      "taskID:8": "bq_standard:retrieval"
    }
  }
}