{
  "preRequisites:11": [
    2048785376
  ],
  "properties:10": {
    "betterquesting:10": {
      "desc:8": "No Description",
      "frame:8": "DIAMOND_ON_CROSS",
      "icon:10": {
        "Count:3": 1,
        "Damage:2": 5376,
        "id:8": "gregtech:mte"
      },
      "name:8": "§d充电箱"
    }
  },
  "questID:3": 694524803,
  "tasks:9": {
    "0:10": {
      "index:3": 0,
      "requiredItems:9": {
        "0:10": {
          "Count:3": 1,
          "Damage:2": 5376,
          "id:8": "gregtech:mte"
        }
      },
      "taskID:8": "bq_standard:retrieval"
    }
  }
}