{
  "preRequisites:11": [
    1919423198
  ],
  "properties:10": {
    "betterquesting:10": {
      "desc:8": "使用各种§2金属桶§r与§2单元§r等存储设备可以直接在机器界面的§b流体槽位§r上交互。\n\n使用§e鼠标左键§r点击时会将流体容器内的流体倒入流体槽位中；使用§e鼠标右键§r时则会装起流体槽位中的流体。\n\n标准的§2格雷科技管道§r与§3末影接口管道§r也可以与机器交互，使用工具可以对其进行调整。在这里一并说明所谓的“§6九宫格§r”，其指的是调整§2格雷科技§r管道与线缆时出现的辅助性位置线，分别对应：\n\n| §b背面§r     |§b上面§r   | §b背面§r      |\n| §b左侧面§r | §b正面§r  | §b右侧面§r  |\n| §b背面§r     | §b下面§r  | §b背面§r      |\n\n使用§eShift + 鼠标右键§r点击来限制§2格雷科技管道§r只向指定面传输以避免回流。",
      "frame:8": "SQUARE",
      "icon:10": {
        "Count:3": 1,
        "Damage:2": 319,
        "id:8": "gregtech:meta_item_1"
      },
      "name:8": "§9机器的基本信息与交互"
    }
  },
  "questID:3": 739841028,
  "tasks:9": {
    "0:10": {
      "index:3": 0,
      "taskID:8": "bq_standard:checkbox"
    }
  }
}