{
  "preRequisites:11": [
    1579334975
  ],
  "properties:10": {
    "betterquesting:10": {
      "desc:8": "一个极其复杂精妙的机器，它甚至可以拿起一杯饮料。",
      "frame:8": "SQUARE",
      "icon:10": {
        "Count:3": 1,
        "Damage:2": 187,
        "id:8": "gregtech:meta_item_1"
      },
      "name:8": "§7§l机械臂"
    }
  },
  "questID:3": 811483129,
  "rewards:9": {
    "0:10": {
      "choices:9": {
        "0:10": {
          "Count:3": 4,
          "Damage:2": 127,
          "id:8": "gregtech:meta_item_1"
        },
        "1:10": {
          "Count:3": 2,
          "Damage:2": 172,
          "id:8": "gregtech:meta_item_1"
        }
      },
      "index:3": 0,
      "rewardID:8": "bq_standard:choice"
    }
  },
  "tasks:9": {
    "0:10": {
      "index:3": 0,
      "requiredItems:9": {
        "0:10": {
          "Count:3": 1,
          "Damage:2": 187,
          "id:8": "gregtech:meta_item_1"
        }
      },
      "taskID:8": "bq_standard:retrieval"
    }
  }
}