{
  "preRequisiteTypes:7": [
    2,
    0
  ],
  "preRequisites:11": [
    352386416,
    984079896
  ],
  "properties:10": {
    "betterquesting:10": {
      "desc:8": "你目前能获得的高炉保护气，能让电力高炉更迅速地烧制物品。",
      "frame:8": "DIAMOND",
      "icon:10": {
        "Count:3": 1,
        "id:8": "forge:bucketfilled",
        "tag:10": {
          "Amount:3": 1000,
          "FluidName:8": "nitrogen"
        }
      },
      "name:8": "§3氮"
    }
  },
  "questID:3": 818039944,
  "tasks:9": {
    "0:10": {
      "index:3": 0,
      "requiredFluids:9": {
        "0:10": {
          "Amount:3": 16000,
          "FluidName:8": "nitrogen"
        }
      },
      "taskID:8": "bq_standard:fluid"
    }
  }
}