{
  "preRequisites:11": [
    1919423198
  ],
  "properties:10": {
    "betterquesting:10": {
      "desc:8": "你可能注意到了，其他模组中的一部分机器与设备不能使用§2格雷科技§r的发电机来供电，反之亦然，此时就需要转换两种§a能量单位§r来传递。\n\n§3我们已经尽可能避免了这种情况，但如果你安装了其他需要使用RF能源的模组，那么或许这些能量转换器对你有所帮助。",
      "frame:8": "SQUARE",
      "icon:10": {
        "Count:3": 1,
        "Damage:2": 5671,
        "id:8": "gregtech:mte"
      },
      "name:8": "§e转换EU与RF"
    }
  },
  "questID:3": 873891571,
  "tasks:9": {
    "0:10": {
      "index:3": 0,
      "taskID:8": "bq_standard:checkbox"
    },
    "1:10": {
      "index:3": 1,
      "requiredItems:9": {
        "0:10": {
          "Count:3": 1,
          "Damage:2": 5671,
          "id:8": "gregtech:mte"
        },
        "1:10": {
          "Count:3": 1,
          "Damage:2": 5686,
          "id:8": "gregtech:mte"
        },
        "2:10": {
          "Count:3": 1,
          "Damage:2": 5701,
          "id:8": "gregtech:mte"
        },
        "3:10": {
          "Count:3": 1,
          "Damage:2": 5716,
          "id:8": "gregtech:mte"
        }
      },
      "taskID:8": "bq_standard:optional_retrieval"
    }
  }
}