{
  "preRequisiteTypes:7": [
    2,
    2
  ],
  "preRequisites:11": [
    1603368197,
    1579334975
  ],
  "properties:10": {
    "betterquesting:10": {
      "desc:8": "它没什么用，或者说蒸汽提取机暂时就够用了。",
      "frame:8": "HEXAGON90",
      "icon:10": {
        "Count:3": 1,
        "Damage:2": 305,
        "id:8": "gregtech:mte"
      },
      "name:8": "§a更好的提取机"
    }
  },
  "questID:3": 883624993,
  "tasks:9": {
    "0:10": {
      "index:3": 0,
      "requiredItems:9": {
        "0:10": {
          "Count:3": 1,
          "Damage:2": 305,
          "id:8": "gregtech:mte"
        }
      },
      "taskID:8": "bq_standard:retrieval"
    }
  }
}