{
  "preRequisiteTypes:7": [
    2,
    2,
    0
  ],
  "preRequisites:11": [
    918396299,
    1905249503,
    1370457451
  ],
  "properties:10": {
    "betterquesting:10": {
      "desc:8": "No Description\n\n§3在IV之前，一台LV级的扫描仪足够你扫描之后需要的所有生物数据。",
      "frame:8": "HEXAGON90",
      "icon:10": {
        "Count:3": 1,
        "Damage:2": 455,
        "id:8": "gregtech:mte"
      },
      "name:8": "§a记录一些有趣的数据"
    }
  },
  "questID:3": 966160976,
  "tasks:9": {
    "0:10": {
      "index:3": 0,
      "requiredItems:9": {
        "0:10": {
          "Count:3": 1,
          "Damage:2": 455,
          "id:8": "gregtech:mte"
        }
      },
      "taskID:8": "bq_standard:retrieval"
    }
  }
}