{
  "preRequisites:11": [
    1684901870,
    1425164372
  ],
  "properties:10": {
    "betterquesting:10": {
      "desc:8": "使用§a氢氟酸§r浸洗§2烧绿石§r或§2钽铁矿§r可以从中提取以§b铌§r与§b钽§r为主的一些较为稀有的金属材料。",
      "frame:8": "DIAMOND",
      "icon:10": {
        "Count:3": 1,
        "Damage:2": 449,
        "id:8": "gregtech:meta_dust"
      },
      "name:8": "§3烧绿石/钽铁矿处理"
    }
  },
  "questID:3": 1037761246,
  "tasks:9": {
    "0:10": {
      "index:3": 0,
      "requiredItems:9": {
        "0:10": {
          "Count:3": 64,
          "Damage:2": 71,
          "id:8": "gregtech:meta_dust"
        },
        "1:10": {
          "Count:3": 64,
          "Damage:2": 104,
          "id:8": "gregtech:meta_dust"
        }
      },
      "taskID:8": "bq_standard:retrieval"
    }
  }
}