{
  "preRequisiteTypes:7": [
    2,
    0
  ],
  "preRequisites:11": [
    340391495,
    1117957127
  ],
  "properties:10": {
    "betterquesting:10": {
      "desc:8": "No Description",
      "frame:8": "HEXAGON90",
      "icon:10": {
        "Count:3": 1,
        "Damage:2": 247,
        "id:8": "gregtech:mte"
      },
      "name:8": "§a专精于切割电路组件"
    }
  },
  "questID:3": 10628027,
  "tasks:9": {
    "0:10": {
      "index:3": 0,
      "requiredItems:9": {
        "0:10": {
          "Count:3": 1,
          "Damage:2": 247,
          "id:8": "gregtech:mte"
        }
      },
      "taskID:8": "bq_standard:retrieval"
    }
  }
}