{
  "preRequisites:11": [
    10628027
  ],
  "properties:10": {
    "betterquesting:10": {
      "desc:8": "No Description",
      "frame:8": "GATE",
      "icon:10": {
        "Count:3": 1,
        "Damage:2": 362,
        "id:8": "gregtech:meta_item_1"
      },
      "name:8": "§e更好的单晶硅"
    }
  },
  "questID:3": 1138376371,
  "tasks:9": {
    "0:10": {
      "index:3": 0,
      "requiredItems:9": {
        "0:10": {
          "Count:3": 64,
          "Damage:2": 99,
          "id:8": "gregtech:meta_dust"
        },
        "1:10": {
          "Count:3": 8,
          "Damage:2": 78,
          "id:8": "gregtech:meta_dust"
        },
        "2:10": {
          "Count:3": 2,
          "Damage:2": 351,
          "id:8": "gregtech:meta_dust"
        }
      },
      "taskID:8": "bq_standard:optional_retrieval"
    },
    "1:10": {
      "index:3": 1,
      "requiredItems:9": {
        "0:10": {
          "Count:3": 1,
          "Damage:2": 362,
          "id:8": "gregtech:meta_item_1"
        }
      },
      "taskID:8": "bq_standard:retrieval"
    }
  }
}