{
  "preRequisites:11": [
    1945563942,
    745152636
  ],
  "properties:10": {
    "betterquesting:10": {
      "desc:8": "用§6HV§r级的§b生物模拟室§r或手动合成粉后进行§c聚爆压缩§r来获得大量的末影珍珠。\n\n§3末影流体覆盖板在你获得足够的末影珍珠后也可以使用了，这是一个支持跨维度的多频道流体传输手段，比应用能源2的量子环更简便。",
      "frame:8": "STAR4",
      "icon:10": {
        "Count:3": 1,
        "id:8": "minecraft:ender_pearl"
      },
      "name:8": "§5末影珍珠"
    }
  },
  "questID:3": 1508538392,
  "tasks:9": {
    "0:10": {
      "index:3": 0,
      "requiredItems:9": {
        "0:10": {
          "Count:3": 16,
          "id:8": "minecraft:ender_pearl"
        }
      },
      "taskID:8": "bq_standard:retrieval"
    }
  }
}