{
  "preRequisiteTypes:7": [
    2
  ],
  "preRequisites:11": [
    576167792
  ],
  "properties:10": {
    "betterquesting:10": {
      "desc:8": "No Description",
      "frame:8": "HEXAGON90",
      "icon:10": {
        "Count:3": 1,
        "Damage:2": 217,
        "id:8": "gregtech:mte"
      },
      "name:8": "§c化学工业的基本单元"
    }
  },
  "questID:3": 1684901870,
  "tasks:9": {
    "0:10": {
      "index:3": 0,
      "requiredItems:9": {
        "0:10": {
          "Count:3": 1,
          "Damage:2": 217,
          "id:8": "gregtech:mte"
        }
      },
      "taskID:8": "bq_standard:retrieval"
    }
  }
}