{
  "preRequisiteTypes:7": [
    0,
    2
  ],
  "preRequisites:11": [
    892806362,
    1702022545
  ],
  "properties:10": {
    "betterquesting:10": {
      "desc:8": "No Description",
      "icon:10": {
        "Count:3": 1,
        "Damage:2": 10003,
        "id:8": "gregtech:mte"
      },
      "name:8": "§c§l聚爆压缩机",
      "questlogic:8": "OR"
    }
  },
  "questID:3": 1945563942,
  "tasks:9": {
    "0:10": {
      "index:3": 0,
      "requiredItems:9": {},
      "taskID:8": "bq_standard:optional_retrieval"
    },
    "1:10": {
      "index:3": 1,
      "requiredItems:9": {
        "0:10": {
          "Count:3": 1,
          "Damage:2": 10003,
          "id:8": "gregtech:mte"
        }
      },
      "taskID:8": "bq_standard:retrieval"
    }
  }
}