{
  "preRequisites:11": [
    1153240589
  ],
  "properties:10": {
    "betterquesting:10": {
      "desc:8": "No Description",
      "frame:8": "DIAMOND_ON_CROSS",
      "icon:10": {
        "Count:3": 1,
        "Damage:2": 525,
        "id:8": "gregtech:meta_item_1"
      },
      "name:8": "§a§l贴片电子元件"
    }
  },
  "questID:3": 1987065571,
  "rewards:9": {
    "0:10": {
      "choices:9": {
        "0:10": {
          "Count:3": 256,
          "Damage:2": 523,
          "id:8": "gregtech:meta_item_1"
        },
        "1:10": {
          "Count:3": 256,
          "Damage:2": 524,
          "id:8": "gregtech:meta_item_1"
        },
        "2:10": {
          "Count:3": 256,
          "Damage:2": 525,
          "id:8": "gregtech:meta_item_1"
        },
        "3:10": {
          "Count:3": 256,
          "Damage:2": 526,
          "id:8": "gregtech:meta_item_1"
        },
        "4:10": {
          "Count:3": 256,
          "Damage:2": 527,
          "id:8": "gregtech:meta_item_1"
        }
      },
      "index:3": 0,
      "rewardID:8": "bq_standard:choice"
    }
  },
  "tasks:9": {
    "0:10": {
      "index:3": 0,
      "requiredItems:9": {
        "0:10": {
          "Count:3": 64,
          "Damage:2": 523,
          "id:8": "gregtech:meta_item_1"
        },
        "1:10": {
          "Count:3": 64,
          "Damage:2": 524,
          "id:8": "gregtech:meta_item_1"
        },
        "2:10": {
          "Count:3": 64,
          "Damage:2": 525,
          "id:8": "gregtech:meta_item_1"
        },
        "3:10": {
          "Count:3": 64,
          "Damage:2": 526,
          "id:8": "gregtech:meta_item_1"
        },
        "4:10": {
          "Count:3": 64,
          "Damage:2": 527,
          "id:8": "gregtech:meta_item_1"
        }
      },
      "taskID:8": "bq_standard:retrieval"
    }
  }
}