{
  "preRequisiteTypes:7": [
    2
  ],
  "preRequisites:11": [
    284263248
  ],
  "properties:10": {
    "betterquesting:10": {
      "desc:8": "No Description",
      "frame:8": "HEXAGON90",
      "icon:10": {
        "Count:3": 1,
        "Damage:2": 172,
        "id:8": "gregtech:mte"
      },
      "name:8": "§e超级电池组装者"
    }
  },
  "questID:3": 2045820057,
  "rewards:9": {
    "0:10": {
      "index:3": 0,
      "rewardID:8": "bq_standard:item",
      "rewards:9": {
        "0:10": {
          "Count:3": 12,
          "id:8": "minecraft:end_stone"
        }
      }
    }
  },
  "tasks:9": {
    "0:10": {
      "index:3": 0,
      "requiredItems:9": {
        "0:10": {
          "Count:3": 1,
          "Damage:2": 172,
          "id:8": "gregtech:mte"
        }
      },
      "taskID:8": "bq_standard:retrieval"
    }
  }
}