{
  "preRequisites:11": [
    1684901870
  ],
  "properties:10": {
    "betterquesting:10": {
      "desc:8": "No Description",
      "frame:8": "DIAMOND",
      "icon:10": {
        "Count:3": 1,
        "Damage:2": 1016,
        "id:8": "gregtech:meta_ingot"
      },
      "name:8": "§8§l聚四氟乙烯"
    }
  },
  "questID:3": 218775622,
  "rewards:9": {
    "0:10": {
      "choices:9": {
        "0:10": {
          "Count:3": 2,
          "Damage:2": 1617,
          "id:8": "gregtech:mte",
          "tag:10": {
            "Fluid:10": {
              "Amount:3": 32000,
              "FluidName:8": "hydrofluoric_acid"
            }
          }
        },
        "1:10": {
          "Count:3": 1,
          "Damage:2": 1617,
          "id:8": "gregtech:mte",
          "tag:10": {
            "Fluid:10": {
              "Amount:3": 32000,
              "FluidName:8": "chloroform"
            }
          }
        }
      },
      "index:3": 0,
      "rewardID:8": "bq_standard:choice"
    }
  },
  "tasks:9": {
    "0:10": {
      "index:3": 0,
      "requiredFluids:9": {
        "0:10": {
          "Amount:3": 144,
          "FluidName:8": "polytetrafluoroethylene"
        }
      },
      "taskID:8": "bq_standard:fluid"
    }
  }
}