{
  "preRequisites:11": [
    1912315942,
    1949954841
  ],
  "properties:10": {
    "betterquesting:10": {
      "desc:8": "No Description\n\n§3你还没准备好！在解锁EV阶段的核反应堆后才可以获得氡。",
      "frame:8": "SQUARE",
      "icon:10": {
        "Count:3": 1,
        "Damage:2": 204,
        "id:8": "gregtech:meta_item_1"
      },
      "name:8": "§b§l力场发生器 #3"
    }
  },
  "questID:3": 436838076,
  "tasks:9": {
    "0:10": {
      "index:3": 0,
      "requiredItems:9": {
        "0:10": {
          "Count:3": 1,
          "Damage:2": 204,
          "id:8": "gregtech:meta_item_1"
        }
      },
      "taskID:8": "bq_standard:retrieval"
    }
  }
}