{
  "preRequisites:11": [
    1176017256
  ],
  "properties:10": {
    "betterquesting:10": {
      "desc:8": "No Description\n\n§3它并不需要使用微型处理器来进行合成，任务书这里的连线只是为了告诉你它们是一个系列的电路。",
      "frame:8": "DIAMOND_ON_CIRCLE",
      "icon:10": {
        "Count:3": 1,
        "Damage:2": 628,
        "id:8": "gregtech:meta_item_1"
      },
      "name:8": "§b集成处理器"
    }
  },
  "questID:3": 713533116,
  "tasks:9": {}
}