{
  "preRequisiteTypes:7": [
    0,
    2
  ],
  "preRequisites:11": [
    811189054,
    549250048
  ],
  "properties:10": {
    "betterquesting:10": {
      "desc:8": "No Description",
      "frame:8": "HEXAGON90",
      "icon:10": {
        "Count:3": 1,
        "Damage:2": 305,
        "id:8": "gtlitecore:mte"
      },
      "name:8": "§b活性电子脑"
    }
  },
  "questID:3": 745152636,
  "rewards:9": {
    "0:10": {
      "index:3": 0,
      "rewardID:8": "bq_standard:item",
      "rewards:9": {
        "0:10": {
          "Count:3": 1,
          "id:8": "minecraft:ender_eye"
        },
        "1:10": {
          "Count:3": 1,
          "id:8": "minecraft:shulker_shell"
        }
      }
    }
  },
  "tasks:9": {
    "0:10": {
      "index:3": 0,
      "requiredItems:9": {
        "0:10": {
          "Count:3": 1,
          "Damage:2": 305,
          "id:8": "gtlitecore:mte"
        }
      },
      "taskID:8": "bq_standard:retrieval"
    }
  }
}