{
  "preRequisiteTypes:7": [
    2
  ],
  "preRequisites:11": [
    1153240589
  ],
  "properties:10": {
    "betterquesting:10": {
      "desc:8": "No Description\n\n§3或许你以为这是真空冷冻机？",
      "frame:8": "HEXAGON90",
      "icon:10": {
        "Count:3": 1,
        "Damage:2": 10140,
        "id:8": "gtlitecore:mte"
      },
      "name:8": "§e大型变压器"
    }
  },
  "questID:3": 97663117,
  "tasks:9": {
    "0:10": {
      "index:3": 0,
      "requiredItems:9": {
        "0:10": {
          "Count:3": 1,
          "Damage:2": 10140,
          "id:8": "gtlitecore:mte"
        }
      },
      "taskID:8": "bq_standard:retrieval"
    }
  }
}