{
  "preRequisites:11": [
    1288498615
  ],
  "properties:10": {
    "betterquesting:10": {
      "desc:8": "No Description\n\n§3也许你也发现了有一条从发酵生物质生产石油的化工线路，如果你实在懒得去抽油，或者确定你的生物质产能足够巨大，那么这条线路也未尝不可使用。",
      "frame:8": "CIRCLE",
      "icon:10": {
        "Count:3": 1,
        "id:8": "betterquesting:placeholder"
      },
      "name:8": "§2木化工与石油化工"
    }
  },
  "questID:3": 1013977296,
  "tasks:9": {}
}