{
  "preRequisites:11": [
    1926964230,
    1070102724
  ],
  "properties:10": {
    "betterquesting:10": {
      "desc:8": "No Description",
      "frame:8": "DIAMOND_ON_SQUARE",
      "icon:10": {
        "Count:3": 1,
        "Damage:2": 11122,
        "id:8": "gregtech:mte"
      },
      "name:8": "§d更好的能源仓"
    }
  },
  "questID:3": 105665942,
  "tasks:9": {
    "0:10": {
      "index:3": 0,
      "requiredItems:9": {
        "0:10": {
          "Count:3": 1,
          "Damage:2": 11122,
          "id:8": "gregtech:mte"
        }
      },
      "taskID:8": "bq_standard:retrieval"
    },
    "1:10": {
      "index:3": 1,
      "requiredItems:9": {
        "0:10": {
          "Count:3": 1,
          "Damage:2": 11137,
          "id:8": "gregtech:mte"
        }
      },
      "taskID:8": "bq_standard:optional_retrieval"
    },
    "2:10": {
      "index:3": 2,
      "requiredItems:9": {
        "0:10": {
          "Count:3": 1,
          "Damage:2": 11152,
          "id:8": "gregtech:mte"
        },
        "1:10": {
          "Count:3": 1,
          "Damage:2": 11182,
          "id:8": "gregtech:mte"
        },
        "2:10": {
          "Count:3": 1,
          "Damage:2": 11212,
          "id:8": "gregtech:mte"
        }
      },
      "taskID:8": "bq_standard:optional_retrieval"
    },
    "3:10": {
      "index:3": 3,
      "requiredItems:9": {
        "0:10": {
          "Count:3": 1,
          "Damage:2": 11167,
          "id:8": "gregtech:mte"
        },
        "1:10": {
          "Count:3": 1,
          "Damage:2": 11197,
          "id:8": "gregtech:mte"
        },
        "2:10": {
          "Count:3": 1,
          "Damage:2": 11227,
          "id:8": "gregtech:mte"
        }
      },
      "taskID:8": "bq_standard:optional_retrieval"
    }
  }
}