{
  "preRequisites:11": [
    1652908572
  ],
  "properties:10": {
    "betterquesting:10": {
      "desc:8": "No Description",
      "frame:8": "GATE",
      "icon:10": {
        "Count:3": 1,
        "Damage:2": 361,
        "id:8": "gregtech:meta_item_1"
      },
      "name:8": "§7硅晶棒"
    }
  },
  "questID:3": 106777031,
  "rewards:9": {
    "0:10": {
      "index:3": 0,
      "rewardID:8": "bq_standard:item",
      "rewards:9": {
        "0:10": {
          "Count:3": 1,
          "id:8": "simple_trophies:trophy",
          "tag:10": {
            "TrophyColorBlue:3": 123,
            "TrophyColorGreen:3": 123,
            "TrophyColorRed:3": 123,
            "TrophyEarnedAt:4": 0,
            "TrophyItem:10": {
              "Count:1": 1,
              "Damage:2": 361,
              "id:8": "gregtech:meta_item_1"
            },
            "TrophyName:8": "复杂电路工艺",
            "TrophyShowsTooltip:1": 1,
            "TrophyVariant:8": "classic"
          }
        }
      }
    },
    "1:10": {
      "index:3": 1,
      "rewardID:8": "bq_standard:item",
      "rewards:9": {}
    }
  },
  "tasks:9": {
    "0:10": {
      "index:3": 0,
      "requiredItems:9": {
        "0:10": {
          "Count:3": 32,
          "Damage:2": 99,
          "id:8": "gregtech:meta_dust"
        },
        "1:10": {
          "Count:3": 1,
          "Damage:2": 351,
          "id:8": "gregtech:meta_dust_small"
        }
      },
      "taskID:8": "bq_standard:optional_retrieval"
    },
    "1:10": {
      "index:3": 1,
      "requiredItems:9": {
        "0:10": {
          "Count:3": 1,
          "Damage:2": 361,
          "id:8": "gregtech:meta_item_1"
        }
      },
      "taskID:8": "bq_standard:retrieval"
    }
  }
}