{
  "preRequisites:11": [
    106777031
  ],
  "properties:10": {
    "betterquesting:10": {
      "desc:8": "No Description",
      "frame:8": "CIRCLE",
      "icon:10": {
        "Count:3": 1,
        "Damage:2": 371,
        "id:8": "gregtech:meta_item_1"
      },
      "name:8": "§d硅晶圆"
    }
  },
  "questID:3": 1538617102,
  "tasks:9": {
    "0:10": {
      "index:3": 0,
      "requiredItems:9": {
        "0:10": {
          "Count:3": 16,
          "Damage:2": 371,
          "id:8": "gregtech:meta_item_1"
        }
      },
      "taskID:8": "bq_standard:retrieval"
    }
  }
}