{
  "preRequisiteTypes:7": [
    2
  ],
  "preRequisites:11": [
    1060124818
  ],
  "properties:10": {
    "betterquesting:10": {
      "desc:8": "最好用的复合式金属加工机器之一，无论是齿轮，转子还是其他的部件，大部分材料部件都可以使用§6压模器§r配合不同的§2模头§r来压制。",
      "frame:8": "HEXAGON90",
      "icon:10": {
        "Count:3": 1,
        "Damage:2": 321,
        "id:8": "gregtech:mte"
      },
      "name:8": "§b通用金属加工器"
    }
  },
  "questID:3": 160768669,
  "tasks:9": {
    "0:10": {
      "index:3": 0,
      "requiredItems:9": {
        "0:10": {
          "Count:3": 1,
          "Damage:2": 321,
          "id:8": "gregtech:mte"
        }
      },
      "taskID:8": "bq_standard:retrieval"
    }
  }
}