{
  "preRequisiteTypes:7": [
    2
  ],
  "preRequisites:11": [
    105665942
  ],
  "properties:10": {
    "betterquesting:10": {
      "desc:8": "\n\n§3如果你觉得有太多金属要烧，一台电力高炉完全不够用，那么就试着再制作三台吧。将它们的一部分共用可以节省一些线圈与结构方块。不锈钢或许是你遇到的一个挑战，它将在高压阶段用到许多，保证你的电力高炉足够强劲！",
      "frame:8": "STAR4_ON_SQUARE",
      "icon:10": {
        "Count:3": 1,
        "Damage:2": 323,
        "id:8": "gregtech:meta_ingot"
      },
      "name:8": "§7不锈钢"
    }
  },
  "questID:3": 165361007,
  "tasks:9": {}
}