{
  "preRequisites:11": [
    165791622
  ],
  "properties:10": {
    "betterquesting:10": {
      "desc:8": "No Description",
      "frame:8": "DIAMOND",
      "icon:10": {
        "Count:3": 1,
        "id:8": "forge:bucketfilled",
        "tag:10": {
          "Amount:3": 1000,
          "FluidName:8": "greenhouse_gas"
        }
      },
      "name:8": "§a或许只是热了点的空气"
    }
  },
  "questID:3": 1699594870,
  "tasks:9": {
    "0:10": {
      "index:3": 0,
      "requiredFluids:9": {
        "0:10": {
          "Amount:3": 1000,
          "FluidName:8": "greenhouse_gas"
        }
      },
      "taskID:8": "bq_standard:fluid"
    }
  }
}