{
  "preRequisiteTypes:7": [
    2
  ],
  "preRequisites:11": [
    65704285
  ],
  "properties:10": {
    "betterquesting:10": {
      "desc:8": "No Description",
      "frame:8": "HEXAGON90",
      "icon:10": {
        "Count:3": 1,
        "Damage:2": 5018,
        "id:8": "gtlitecore:mte"
      },
      "name:8": "§e巨型输入总线"
    }
  },
  "questID:3": 1709257046,
  "tasks:9": {
    "0:10": {
      "index:3": 0,
      "requiredItems:9": {
        "0:10": {
          "Count:3": 1,
          "Damage:2": 5018,
          "id:8": "gtlitecore:mte"
        }
      },
      "taskID:8": "bq_standard:retrieval"
    }
  }
}