{
  "preRequisiteTypes:7": [
    0,
    2
  ],
  "preRequisites:11": [
    946868211,
    1021467502
  ],
  "properties:10": {
    "betterquesting:10": {
      "desc:8": "No Description",
      "frame:8": "HEXAGON90",
      "icon:10": {
        "Count:3": 1,
        "Damage:2": 246,
        "id:8": "gregtech:mte"
      },
      "name:8": "§2更好的切割机"
    }
  },
  "questID:3": 2057720653,
  "tasks:9": {
    "0:10": {
      "index:3": 0,
      "requiredItems:9": {
        "0:10": {
          "Count:3": 1,
          "Damage:2": 246,
          "id:8": "gregtech:mte"
        }
      },
      "taskID:8": "bq_standard:retrieval"
    }
  }
}