{
  "preRequisiteTypes:7": [
    2
  ],
  "preRequisites:11": [
    1639589591
  ],
  "properties:10": {
    "betterquesting:10": {
      "desc:8": "No Description",
      "frame:8": "HEXAGON90",
      "icon:10": {
        "Count:3": 1,
        "Damage:2": 304,
        "id:8": "gtlitecore:mte"
      },
      "name:8": "§a粗制神经网络"
    }
  },
  "questID:3": 2088673486,
  "rewards:9": {
    "0:10": {
      "index:3": 0,
      "rewardID:8": "bq_standard:item",
      "rewards:9": {
        "0:10": {
          "Count:3": 1,
          "id:8": "minecraft:glass_bottle"
        },
        "1:10": {
          "Count:3": 1,
          "id:8": "minecraft:prismarine_shard"
        },
        "2:10": {
          "Count:3": 1,
          "Damage:2": 1,
          "id:8": "minecraft:skull"
        },
        "3:10": {
          "Count:3": 1,
          "id:8": "minecraft:blaze_powder"
        },
        "4:10": {
          "Count:3": 1,
          "id:8": "minecraft:ghast_tear"
        }
      }
    }
  },
  "tasks:9": {
    "0:10": {
      "index:3": 0,
      "requiredItems:9": {
        "0:10": {
          "Count:3": 1,
          "Damage:2": 304,
          "id:8": "gtlitecore:mte"
        }
      },
      "taskID:8": "bq_standard:retrieval"
    }
  }
}