{
  "preRequisiteTypes:7": [
    2
  ],
  "preRequisites:11": [
    1936066148
  ],
  "properties:10": {
    "betterquesting:10": {
      "desc:8": "No Description",
      "frame:8": "HEXAGON90",
      "icon:10": {
        "Count:3": 1,
        "Damage:2": 276,
        "id:8": "gregtech:mte"
      },
      "name:8": "§5电解机的真正力量"
    }
  },
  "questID:3": 280732381,
  "tasks:9": {
    "0:10": {
      "index:3": 0,
      "requiredItems:9": {
        "0:10": {
          "Count:3": 1,
          "Damage:2": 276,
          "id:8": "gregtech:mte"
        }
      },
      "taskID:8": "bq_standard:retrieval"
    }
  }
}