{
  "preRequisites:11": [
    1936066148
  ],
  "properties:10": {
    "betterquesting:10": {
      "desc:8": "",
      "frame:8": "DIAGONAL_CROSS_ON_DIAMOND",
      "icon:10": {
        "Count:3": 1,
        "Damage:2": 2054,
        "id:8": "gtlitecore:mte"
      },
      "name:8": "§e万用拓展器/桥接器"
    }
  },
  "questID:3": 309239236,
  "tasks:9": {
    "0:10": {
      "index:3": 2,
      "requiredItems:9": {
        "0:10": {
          "Count:3": 1,
          "Damage:2": 2058,
          "id:8": "gtlitecore:mte"
        },
        "1:10": {
          "Count:3": 1,
          "Damage:2": 2054,
          "id:8": "gtlitecore:mte"
        }
      },
      "taskID:8": "bq_standard:retrieval"
    }
  }
}