{
  "preRequisiteTypes:7": [
    2,
    0,
    0
  ],
  "preRequisites:11": [
    466032222,
    2052161102,
    1114136535
  ],
  "properties:10": {
    "betterquesting:10": {
      "desc:8": "No Description",
      "frame:8": "DIAMOND",
      "icon:10": {
        "Count:3": 1,
        "id:8": "forge:bucketfilled",
        "tag:10": {
          "Amount:3": 1000,
          "FluidName:8": "ruby_juice"
        }
      },
      "name:8": "§4获取铬的好帮手"
    }
  },
  "questID:3": 411587145,
  "tasks:9": {}
}