{
  "preRequisiteTypes:7": [
    2,
    2,
    2
  ],
  "preRequisites:11": [
    65704285,
    1544202470,
    892806362
  ],
  "properties:10": {
    "betterquesting:10": {
      "desc:8": "No Description",
      "frame:8": "HEXAGON90",
      "icon:10": {
        "Count:3": 1,
        "Damage:2": 244,
        "id:8": "gtlitecore:mte"
      },
      "name:8": "§5实在太慢！"
    }
  },
  "questID:3": 573978952,
  "tasks:9": {
    "0:10": {
      "index:3": 0,
      "requiredItems:9": {
        "0:10": {
          "Count:3": 1,
          "Damage:2": 244,
          "id:8": "gtlitecore:mte"
        }
      },
      "taskID:8": "bq_standard:retrieval"
    }
  }
}