{
  "preRequisiteTypes:7": [
    0,
    2,
    2
  ],
  "preRequisites:11": [
    1926964230,
    308877360,
    946868211
  ],
  "properties:10": {
    "betterquesting:10": {
      "desc:8": "No Description",
      "frame:8": "EMPTY",
      "icon:10": {
        "Count:3": 1,
        "Damage:2": 10032,
        "id:8": "gregtech:mte"
      },
      "name:8": "§9钻探流体"
    }
  },
  "questID:3": 63436605,
  "rewards:9": {
    "0:10": {
      "index:3": 0,
      "rewardID:8": "bq_standard:item",
      "rewards:9": {
        "0:10": {
          "Count:3": 1,
          "id:8": "simple_trophies:trophy",
          "tag:10": {
            "TrophyColorBlue:3": 162,
            "TrophyColorGreen:3": 101,
            "TrophyColorRed:3": 133,
            "TrophyEarnedAt:4": 0,
            "TrophyItem:10": {
              "Count:1": 1,
              "Damage:2": 10032,
              "id:8": "gregtech:mte"
            },
            "TrophyName:8": "流体钻井平台",
            "TrophyShowsTooltip:1": 1,
            "TrophyVariant:8": "classic"
          }
        }
      }
    },
    "1:10": {
      "index:3": 1,
      "rewardID:8": "bq_standard:item",
      "rewards:9": {}
    }
  },
  "tasks:9": {}
}