{
  "preRequisiteTypes:7": [
    2,
    0
  ],
  "preRequisites:11": [
    65704285,
    892806362
  ],
  "properties:10": {
    "betterquesting:10": {
      "desc:8": "No Description",
      "frame:8": "HEXAGON90",
      "icon:10": {
        "Count:3": 1,
        "Damage:2": 229,
        "id:8": "gtlitecore:mte"
      },
      "name:8": "§d让UU物质再快点产出"
    }
  },
  "questID:3": 693056682,
  "tasks:9": {
    "0:10": {
      "index:3": 0,
      "requiredItems:9": {
        "0:10": {
          "Count:3": 1,
          "Damage:2": 229,
          "id:8": "gtlitecore:mte"
        }
      },
      "taskID:8": "bq_standard:retrieval"
    }
  }
}