{
  "preRequisiteTypes:7": [
    0,
    2
  ],
  "preRequisites:11": [
    1926964230,
    308877360
  ],
  "properties:10": {
    "betterquesting:10": {
      "desc:8": "给你的金属洗个澡。\n\n§3你可以使用这台机器在不解锁真空冷冻机前使用液氧，这可以让你批量生产RP-1火箭燃料，从而在HV阶段获得足够的电量。相信我，它比那些石油燃料要厉害许多，你大可把这些东西都拿去变成化工产品。",
      "frame:8": "HEXAGON90",
      "icon:10": {
        "Count:3": 1,
        "Damage:2": 199,
        "id:8": "gtlitecore:mte"
      },
      "name:8": "§9水浴冷凝槽"
    }
  },
  "questID:3": 910916973,
  "tasks:9": {
    "0:10": {
      "index:3": 0,
      "requiredItems:9": {
        "0:10": {
          "Count:3": 1,
          "Damage:2": 199,
          "id:8": "gtlitecore:mte"
        }
      },
      "taskID:8": "bq_standard:retrieval"
    }
  }
}