{
  "preRequisiteTypes:7": [
    2,
    2,
    0
  ],
  "preRequisites:11": [
    365284284,
    1188383443,
    1538617102
  ],
  "properties:10": {
    "betterquesting:10": {
      "desc:8": "No Description",
      "frame:8": "DIAGONAL_STAR4_ON_CROSS",
      "icon:10": {
        "Count:3": 1,
        "Damage:2": 568,
        "id:8": "gregtech:meta_item_1"
      },
      "name:8": "§a集成逻辑电路组件"
    }
  },
  "questID:3": 923318677,
  "tasks:9": {
    "0:10": {
      "index:3": 0,
      "requiredItems:9": {
        "0:10": {
          "Count:3": 1,
          "Damage:2": 568,
          "id:8": "gregtech:meta_item_1"
        }
      },
      "taskID:8": "bq_standard:optional_retrieval"
    },
    "1:10": {
      "index:3": 1,
      "requiredItems:9": {
        "0:10": {
          "Count:3": 8,
          "Damage:2": 593,
          "id:8": "gregtech:meta_item_1"
        }
      },
      "taskID:8": "bq_standard:retrieval"
    }
  }
}