{
  "preRequisiteTypes:7": [
    0,
    2
  ],
  "preRequisites:11": [
    1252811592,
    1798458738
  ],
  "properties:10": {
    "betterquesting:10": {
      "desc:8": "用于为§a精妙背包§r提供升级。\n\n§3一些更高级的升级例如指数堆叠升级与嵌套升级需要HV级至EV级左右才能制作，它们对于目前的阶段太不平衡了！",
      "icon:10": {
        "Count:3": 1,
        "id:8": "retro_sophisticated_backpacks:stack_upgrade_tier_4"
      },
      "name:8": "§e背包升级"
    }
  },
  "questID:3": 1109298358,
  "rewards:9": {
    "0:10": {
      "index:3": 0,
      "rewardID:8": "bq_standard:item",
      "rewards:9": {
        "0:10": {
          "Count:3": 16,
          "id:8": "retro_sophisticated_backpacks:upgrade_base"
        }
      }
    }
  },
  "tasks:9": {
    "0:10": {
      "index:3": 0,
      "requiredItems:9": {
        "0:10": {
          "Count:3": 1,
          "id:8": "retro_sophisticated_backpacks:upgrade_base"
        }
      },
      "taskID:8": "bq_standard:retrieval"
    },
    "1:10": {
      "index:3": 1,
      "requiredItems:9": {
        "0:10": {
          "Count:3": 1,
          "id:8": "retro_sophisticated_backpacks:stack_upgrade_starter_tier"
        },
        "1:10": {
          "Count:3": 1,
          "ForgeCaps:10": {
            "Parent:10": {
              "Enabled:1": 1,
              "FilterItems:10": {
                "Items:9": {},
                "Size:3": 9
              },
              "FilterType:1": 0,
              "TabState:1": 0
            }
          },
          "id:8": "retro_sophisticated_backpacks:pickup_upgrade"
        },
        "2:10": {
          "Count:3": 1,
          "ForgeCaps:10": {
            "Parent:10": {
              "Enabled:1": 1,
              "FilterItems:10": {
                "Items:9": {},
                "Size:3": 9
              },
              "FilterType:1": 0,
              "FilterWay:1": 0,
              "TabState:1": 0
            }
          },
          "id:8": "retro_sophisticated_backpacks:filter_upgrade"
        },
        "3:10": {
          "Count:3": 1,
          "ForgeCaps:10": {
            "Parent:10": {
              "Enabled:1": 1,
              "FilterItems:10": {
                "Items:9": {},
                "Size:3": 9
              },
              "FilterType:1": 0,
              "TabState:1": 0
            }
          },
          "id:8": "retro_sophisticated_backpacks:restock_upgrade"
        },
        "4:10": {
          "Count:3": 1,
          "ForgeCaps:10": {
            "Parent:10": {
              "Enabled:1": 1,
              "FilterItems:10": {
                "Items:9": {},
                "Size:3": 9
              },
              "FilterType:1": 0,
              "TabState:1": 0
            }
          },
          "id:8": "retro_sophisticated_backpacks:deposit_upgrade"
        },
        "5:10": {
          "Count:3": 1,
          "ForgeCaps:10": {
            "Parent:10": {
              "Enabled:1": 1,
              "FilterItems:10": {
                "Items:9": {},
                "Size:3": 9
              },
              "FilterType:1": 0,
              "TabState:1": 0
            }
          },
          "id:8": "retro_sophisticated_backpacks:feeding_upgrade"
        }
      },
      "taskID:8": "bq_standard:optional_retrieval"
    }
  }
}