{
  "preRequisites:11": [
    96558345
  ],
  "properties:10": {
    "betterquesting:10": {
      "desc:8": "更适合大量合成的工作台，它比§2合成站§r要更方便操作，且同样允许你在其附近放置物品容器以增大内部缓存。\n\n允许查看总共在此合成站上合成的次数与§l9§r次历史记录，可以使用§2格雷科技§r中的流体容器替代§b桶装流体§r进行合成。\n\n§3合成站也可以使用末影设备的手推车装箱，当需要搬迁你的合成站的时候，使用手推车搬走它而不是破坏它（如果你不想你的累积合成次数被清零）。",
      "frame:8": "DIAMOND_ON_SQUARE",
      "icon:10": {
        "Count:3": 1,
        "Damage:2": 5647,
        "id:8": "gregtech:mte"
      },
      "name:8": "§9合成站"
    }
  },
  "questID:3": 1153994618,
  "tasks:9": {
    "0:10": {
      "index:3": 0,
      "requiredItems:9": {
        "0:10": {
          "Count:3": 1,
          "Damage:2": 5647,
          "id:8": "gregtech:mte"
        }
      },
      "taskID:8": "bq_standard:retrieval"
    }
  }
}