{
  "preRequisites:11": [
    228479367
  ],
  "properties:10": {
    "betterquesting:10": {
      "desc:8": "另一种多功能背包，与已经有了的§a便携包§r不同的是，这个背包具有相对更多的槽位和功能，但需要使用§b背包升级§r来为背包附加特殊功能。\n\n合成这种背包与其相应的升级部件需要大量的皮革与线，你可能需要养殖一些牛并种植一些棉花，棉花可以用于生产线。\n\n§3这些背包可以像物品那样正常使用，放置在世界中作为容器或放置在饰品栏中使用快捷键打开。注意，尽可能不要使用存有物品的背包进行合成，也不要把它们丢进应用能源2的存储网络中。",
      "icon:10": {
        "Count:3": 1,
        "ForgeCaps:10": {
          "Parent:10": {
            "BackpackInventory:10": {
              "Items:9": {}
            },
            "BackpackInventorySize:3": 27,
            "LockedSlots:7": [
              0,
              0,
              0,
              0,
              0,
              0,
              0,
              0,
              0,
              0,
              0,
              0,
              0,
              0,
              0,
              0,
              0,
              0,
              0,
              0,
              0,
              0,
              0,
              0,
              0,
              0,
              0
            ],
            "MemoryItems:10": {
              "Items:9": {}
            },
            "MemoryRespectNBT:7": [
              0,
              0,
              0,
              0,
              0,
              0,
              0,
              0,
              0,
              0,
              0,
              0,
              0,
              0,
              0,
              0,
              0,
              0,
              0,
              0,
              0,
              0,
              0,
              0,
              0,
              0,
              0
            ],
            "SortType:1": 0,
            "UUIDLeast:4": -4723156227726910042,
            "UUIDMost:4": -6928487771711192154,
            "UpgradeSlots:10": {
              "Items:9": {}
            },
            "UpgradeSlotsSize:3": 1
          },
          "retro_sophisticated_backpacks:backpack_capability:10": {
            "BackpackInventory:10": {
              "Items:9": {}
            },
            "BackpackInventorySize:3": 27,
            "LockedSlots:7": [
              0,
              0,
              0,
              0,
              0,
              0,
              0,
              0,
              0,
              0,
              0,
              0,
              0,
              0,
              0,
              0,
              0,
              0,
              0,
              0,
              0,
              0,
              0,
              0,
              0,
              0,
              0
            ],
            "MemoryItems:10": {
              "Items:9": {}
            },
            "MemoryRespectNBT:7": [
              0,
              0,
              0,
              0,
              0,
              0,
              0,
              0,
              0,
              0,
              0,
              0,
              0,
              0,
              0,
              0,
              0,
              0,
              0,
              0,
              0,
              0,
              0,
              0,
              0,
              0,
              0
            ],
            "SortType:1": 0,
            "UUIDLeast:4": -5332831269712582703,
            "UUIDMost:4": -4303507937689907964,
            "UpgradeSlots:10": {
              "Items:9": {}
            },
            "UpgradeSlotsSize:3": 1
          }
        },
        "id:8": "retro_sophisticated_backpacks:backpack_leather"
      },
      "name:8": "§a§l精妙背包"
    }
  },
  "questID:3": 1252811592,
  "rewards:9": {
    "0:10": {
      "choices:9": {
        "0:10": {
          "Count:3": 16,
          "id:8": "minecraft:leather"
        },
        "1:10": {
          "Count:3": 64,
          "id:8": "minecraft:string"
        }
      },
      "index:3": 0,
      "rewardID:8": "bq_standard:choice"
    }
  },
  "tasks:9": {
    "0:10": {
      "ignoreNBT:1": 1,
      "index:3": 0,
      "requiredItems:9": {
        "0:10": {
          "Count:3": 1,
          "ForgeCaps:10": {
            "Parent:10": {
              "BackpackInventory:10": {
                "Items:9": {}
              },
              "BackpackInventorySize:3": 27,
              "LockedSlots:7": [
                0,
                0,
                0,
                0,
                0,
                0,
                0,
                0,
                0,
                0,
                0,
                0,
                0,
                0,
                0,
                0,
                0,
                0,
                0,
                0,
                0,
                0,
                0,
                0,
                0,
                0,
                0
              ],
              "MemoryItems:10": {
                "Items:9": {}
              },
              "MemoryRespectNBT:7": [
                0,
                0,
                0,
                0,
                0,
                0,
                0,
                0,
                0,
                0,
                0,
                0,
                0,
                0,
                0,
                0,
                0,
                0,
                0,
                0,
                0,
                0,
                0,
                0,
                0,
                0,
                0
              ],
              "SortType:1": 0,
              "UUIDLeast:4": -6291268305346293824,
              "UUIDMost:4": -2005672441339031612,
              "UpgradeSlots:10": {
                "Items:9": {}
              },
              "UpgradeSlotsSize:3": 1
            },
            "retro_sophisticated_backpacks:backpack_capability:10": {
              "BackpackInventory:10": {
                "Items:9": {}
              },
              "BackpackInventorySize:3": 27,
              "LockedSlots:7": [
                0,
                0,
                0,
                0,
                0,
                0,
                0,
                0,
                0,
                0,
                0,
                0,
                0,
                0,
                0,
                0,
                0,
                0,
                0,
                0,
                0,
                0,
                0,
                0,
                0,
                0,
                0
              ],
              "MemoryItems:10": {
                "Items:9": {}
              },
              "MemoryRespectNBT:7": [
                0,
                0,
                0,
                0,
                0,
                0,
                0,
                0,
                0,
                0,
                0,
                0,
                0,
                0,
                0,
                0,
                0,
                0,
                0,
                0,
                0,
                0,
                0,
                0,
                0,
                0,
                0
              ],
              "SortType:1": 0,
              "UUIDLeast:4": -9019682027338273155,
              "UUIDMost:4": 6269321016702618302,
              "UpgradeSlots:10": {
                "Items:9": {}
              },
              "UpgradeSlotsSize:3": 1
            }
          },
          "id:8": "retro_sophisticated_backpacks:backpack_leather"
        }
      },
      "taskID:8": "bq_standard:retrieval"
    },
    "1:10": {
      "index:3": 1,
      "requiredItems:9": {
        "0:10": {
          "Count:3": 1,
          "ForgeCaps:10": {
            "Parent:10": {
              "BackpackInventory:10": {
                "Items:9": {}
              },
              "BackpackInventorySize:3": 54,
              "LockedSlots:7": [
                0,
                0,
                0,
                0,
                0,
                0,
                0,
                0,
                0,
                0,
                0,
                0,
                0,
                0,
                0,
                0,
                0,
                0,
                0,
                0,
                0,
                0,
                0,
                0,
                0,
                0,
                0,
                0,
                0,
                0,
                0,
                0,
                0,
                0,
                0,
                0,
                0,
                0,
                0,
                0,
                0,
                0,
                0,
                0,
                0,
                0,
                0,
                0,
                0,
                0,
                0,
                0,
                0,
                0
              ],
              "MemoryItems:10": {
                "Items:9": {}
              },
              "MemoryRespectNBT:7": [
                0,
                0,
                0,
                0,
                0,
                0,
                0,
                0,
                0,
                0,
                0,
                0,
                0,
                0,
                0,
                0,
                0,
                0,
                0,
                0,
                0,
                0,
                0,
                0,
                0,
                0,
                0,
                0,
                0,
                0,
                0,
                0,
                0,
                0,
                0,
                0,
                0,
                0,
                0,
                0,
                0,
                0,
                0,
                0,
                0,
                0,
                0,
                0,
                0,
                0,
                0,
                0,
                0,
                0
              ],
              "SortType:1": 0,
              "UUIDLeast:4": -8273040467383455399,
              "UUIDMost:4": 2970124553774121181,
              "UpgradeSlots:10": {
                "Items:9": {}
              },
              "UpgradeSlotsSize:3": 2
            },
            "retro_sophisticated_backpacks:backpack_capability:10": {
              "BackpackInventory:10": {
                "Items:9": {}
              },
              "BackpackInventorySize:3": 27,
              "LockedSlots:7": [
                0,
                0,
                0,
                0,
                0,
                0,
                0,
                0,
                0,
                0,
                0,
                0,
                0,
                0,
                0,
                0,
                0,
                0,
                0,
                0,
                0,
                0,
                0,
                0,
                0,
                0,
                0
              ],
              "MemoryItems:10": {
                "Items:9": {}
              },
              "MemoryRespectNBT:7": [
                0,
                0,
                0,
                0,
                0,
                0,
                0,
                0,
                0,
                0,
                0,
                0,
                0,
                0,
                0,
                0,
                0,
                0,
                0,
                0,
                0,
                0,
                0,
                0,
                0,
                0,
                0
              ],
              "SortType:1": 0,
              "UUIDLeast:4": -5815754366527613446,
              "UUIDMost:4": -831082001370624359,
              "UpgradeSlots:10": {
                "Items:9": {}
              },
              "UpgradeSlotsSize:3": 1
            }
          },
          "id:8": "retro_sophisticated_backpacks:backpack_iron"
        },
        "1:10": {
          "Count:3": 1,
          "ForgeCaps:10": {
            "Parent:10": {
              "BackpackInventory:10": {
                "Items:9": {}
              },
              "BackpackInventorySize:3": 81,
              "LockedSlots:7": [
                0,
                0,
                0,
                0,
                0,
                0,
                0,
                0,
                0,
                0,
                0,
                0,
                0,
                0,
                0,
                0,
                0,
                0,
                0,
                0,
                0,
                0,
                0,
                0,
                0,
                0,
                0,
                0,
                0,
                0,
                0,
                0,
                0,
                0,
                0,
                0,
                0,
                0,
                0,
                0,
                0,
                0,
                0,
                0,
                0,
                0,
                0,
                0,
                0,
                0,
                0,
                0,
                0,
                0,
                0,
                0,
                0,
                0,
                0,
                0,
                0,
                0,
                0,
                0,
                0,
                0,
                0,
                0,
                0,
                0,
                0,
                0,
                0,
                0,
                0,
                0,
                0,
                0,
                0,
                0,
                0
              ],
              "MemoryItems:10": {
                "Items:9": {}
              },
              "MemoryRespectNBT:7": [
                0,
                0,
                0,
                0,
                0,
                0,
                0,
                0,
                0,
                0,
                0,
                0,
                0,
                0,
                0,
                0,
                0,
                0,
                0,
                0,
                0,
                0,
                0,
                0,
                0,
                0,
                0,
                0,
                0,
                0,
                0,
                0,
                0,
                0,
                0,
                0,
                0,
                0,
                0,
                0,
                0,
                0,
                0,
                0,
                0,
                0,
                0,
                0,
                0,
                0,
                0,
                0,
                0,
                0,
                0,
                0,
                0,
                0,
                0,
                0,
                0,
                0,
                0,
                0,
                0,
                0,
                0,
                0,
                0,
                0,
                0,
                0,
                0,
                0,
                0,
                0,
                0,
                0,
                0,
                0,
                0
              ],
              "SortType:1": 0,
              "UUIDLeast:4": -6640828889529799189,
              "UUIDMost:4": 7551299741243752569,
              "UpgradeSlots:10": {
                "Items:9": {}
              },
              "UpgradeSlotsSize:3": 3
            },
            "retro_sophisticated_backpacks:backpack_capability:10": {
              "BackpackInventory:10": {
                "Items:9": {}
              },
              "BackpackInventorySize:3": 27,
              "LockedSlots:7": [
                0,
                0,
                0,
                0,
                0,
                0,
                0,
                0,
                0,
                0,
                0,
                0,
                0,
                0,
                0,
                0,
                0,
                0,
                0,
                0,
                0,
                0,
                0,
                0,
                0,
                0,
                0
              ],
              "MemoryItems:10": {
                "Items:9": {}
              },
              "MemoryRespectNBT:7": [
                0,
                0,
                0,
                0,
                0,
                0,
                0,
                0,
                0,
                0,
                0,
                0,
                0,
                0,
                0,
                0,
                0,
                0,
                0,
                0,
                0,
                0,
                0,
                0,
                0,
                0,
                0
              ],
              "SortType:1": 0,
              "UUIDLeast:4": -4728600032252102438,
              "UUIDMost:4": -605524659453671838,
              "UpgradeSlots:10": {
                "Items:9": {}
              },
              "UpgradeSlotsSize:3": 1
            }
          },
          "id:8": "retro_sophisticated_backpacks:backpack_gold"
        },
        "2:10": {
          "Count:3": 1,
          "ForgeCaps:10": {
            "Parent:10": {
              "BackpackInventory:10": {
                "Items:9": {}
              },
              "BackpackInventorySize:3": 108,
              "LockedSlots:7": [
                0,
                0,
                0,
                0,
                0,
                0,
                0,
                0,
                0,
                0,
                0,
                0,
                0,
                0,
                0,
                0,
                0,
                0,
                0,
                0,
                0,
                0,
                0,
                0,
                0,
                0,
                0,
                0,
                0,
                0,
                0,
                0,
                0,
                0,
                0,
                0,
                0,
                0,
                0,
                0,
                0,
                0,
                0,
                0,
                0,
                0,
                0,
                0,
                0,
                0,
                0,
                0,
                0,
                0,
                0,
                0,
                0,
                0,
                0,
                0,
                0,
                0,
                0,
                0,
                0,
                0,
                0,
                0,
                0,
                0,
                0,
                0,
                0,
                0,
                0,
                0,
                0,
                0,
                0,
                0,
                0,
                0,
                0,
                0,
                0,
                0,
                0,
                0,
                0,
                0,
                0,
                0,
                0,
                0,
                0,
                0,
                0,
                0,
                0,
                0,
                0,
                0,
                0,
                0,
                0,
                0,
                0,
                0
              ],
              "MemoryItems:10": {
                "Items:9": {}
              },
              "MemoryRespectNBT:7": [
                0,
                0,
                0,
                0,
                0,
                0,
                0,
                0,
                0,
                0,
                0,
                0,
                0,
                0,
                0,
                0,
                0,
                0,
                0,
                0,
                0,
                0,
                0,
                0,
                0,
                0,
                0,
                0,
                0,
                0,
                0,
                0,
                0,
                0,
                0,
                0,
                0,
                0,
                0,
                0,
                0,
                0,
                0,
                0,
                0,
                0,
                0,
                0,
                0,
                0,
                0,
                0,
                0,
                0,
                0,
                0,
                0,
                0,
                0,
                0,
                0,
                0,
                0,
                0,
                0,
                0,
                0,
                0,
                0,
                0,
                0,
                0,
                0,
                0,
                0,
                0,
                0,
                0,
                0,
                0,
                0,
                0,
                0,
                0,
                0,
                0,
                0,
                0,
                0,
                0,
                0,
                0,
                0,
                0,
                0,
                0,
                0,
                0,
                0,
                0,
                0,
                0,
                0,
                0,
                0,
                0,
                0,
                0
              ],
              "SortType:1": 0,
              "UUIDLeast:4": -8586687045925596004,
              "UUIDMost:4": 4330394468645422641,
              "UpgradeSlots:10": {
                "Items:9": {}
              },
              "UpgradeSlotsSize:3": 5
            },
            "retro_sophisticated_backpacks:backpack_capability:10": {
              "BackpackInventory:10": {
                "Items:9": {}
              },
              "BackpackInventorySize:3": 27,
              "LockedSlots:7": [
                0,
                0,
                0,
                0,
                0,
                0,
                0,
                0,
                0,
                0,
                0,
                0,
                0,
                0,
                0,
                0,
                0,
                0,
                0,
                0,
                0,
                0,
                0,
                0,
                0,
                0,
                0
              ],
              "MemoryItems:10": {
                "Items:9": {}
              },
              "MemoryRespectNBT:7": [
                0,
                0,
                0,
                0,
                0,
                0,
                0,
                0,
                0,
                0,
                0,
                0,
                0,
                0,
                0,
                0,
                0,
                0,
                0,
                0,
                0,
                0,
                0,
                0,
                0,
                0,
                0
              ],
              "SortType:1": 0,
              "UUIDLeast:4": -7523038807188292441,
              "UUIDMost:4": -5464691119922985228,
              "UpgradeSlots:10": {
                "Items:9": {}
              },
              "UpgradeSlotsSize:3": 1
            }
          },
          "id:8": "retro_sophisticated_backpacks:backpack_diamond"
        },
        "3:10": {
          "Count:3": 1,
          "ForgeCaps:10": {
            "Parent:10": {
              "BackpackInventory:10": {
                "Items:9": {}
              },
              "BackpackInventorySize:3": 120,
              "LockedSlots:7": [
                0,
                0,
                0,
                0,
                0,
                0,
                0,
                0,
                0,
                0,
                0,
                0,
                0,
                0,
                0,
                0,
                0,
                0,
                0,
                0,
                0,
                0,
                0,
                0,
                0,
                0,
                0,
                0,
                0,
                0,
                0,
                0,
                0,
                0,
                0,
                0,
                0,
                0,
                0,
                0,
                0,
                0,
                0,
                0,
                0,
                0,
                0,
                0,
                0,
                0,
                0,
                0,
                0,
                0,
                0,
                0,
                0,
                0,
                0,
                0,
                0,
                0,
                0,
                0,
                0,
                0,
                0,
                0,
                0,
                0,
                0,
                0,
                0,
                0,
                0,
                0,
                0,
                0,
                0,
                0,
                0,
                0,
                0,
                0,
                0,
                0,
                0,
                0,
                0,
                0,
                0,
                0,
                0,
                0,
                0,
                0,
                0,
                0,
                0,
                0,
                0,
                0,
                0,
                0,
                0,
                0,
                0,
                0,
                0,
                0,
                0,
                0,
                0,
                0,
                0,
                0,
                0,
                0,
                0,
                0
              ],
              "MemoryItems:10": {
                "Items:9": {}
              },
              "MemoryRespectNBT:7": [
                0,
                0,
                0,
                0,
                0,
                0,
                0,
                0,
                0,
                0,
                0,
                0,
                0,
                0,
                0,
                0,
                0,
                0,
                0,
                0,
                0,
                0,
                0,
                0,
                0,
                0,
                0,
                0,
                0,
                0,
                0,
                0,
                0,
                0,
                0,
                0,
                0,
                0,
                0,
                0,
                0,
                0,
                0,
                0,
                0,
                0,
                0,
                0,
                0,
                0,
                0,
                0,
                0,
                0,
                0,
                0,
                0,
                0,
                0,
                0,
                0,
                0,
                0,
                0,
                0,
                0,
                0,
                0,
                0,
                0,
                0,
                0,
                0,
                0,
                0,
                0,
                0,
                0,
                0,
                0,
                0,
                0,
                0,
                0,
                0,
                0,
                0,
                0,
                0,
                0,
                0,
                0,
                0,
                0,
                0,
                0,
                0,
                0,
                0,
                0,
                0,
                0,
                0,
                0,
                0,
                0,
                0,
                0,
                0,
                0,
                0,
                0,
                0,
                0,
                0,
                0,
                0,
                0,
                0,
                0
              ],
              "SortType:1": 0,
              "UUIDLeast:4": -8197831624025544293,
              "UUIDMost:4": 2007230163149799589,
              "UpgradeSlots:10": {
                "Items:9": {}
              },
              "UpgradeSlotsSize:3": 7
            },
            "retro_sophisticated_backpacks:backpack_capability:10": {
              "BackpackInventory:10": {
                "Items:9": {}
              },
              "BackpackInventorySize:3": 27,
              "LockedSlots:7": [
                0,
                0,
                0,
                0,
                0,
                0,
                0,
                0,
                0,
                0,
                0,
                0,
                0,
                0,
                0,
                0,
                0,
                0,
                0,
                0,
                0,
                0,
                0,
                0,
                0,
                0,
                0
              ],
              "MemoryItems:10": {
                "Items:9": {}
              },
              "MemoryRespectNBT:7": [
                0,
                0,
                0,
                0,
                0,
                0,
                0,
                0,
                0,
                0,
                0,
                0,
                0,
                0,
                0,
                0,
                0,
                0,
                0,
                0,
                0,
                0,
                0,
                0,
                0,
                0,
                0
              ],
              "SortType:1": 0,
              "UUIDLeast:4": -7760081618167474751,
              "UUIDMost:4": 3696004326086756356,
              "UpgradeSlots:10": {
                "Items:9": {}
              },
              "UpgradeSlotsSize:3": 1
            }
          },
          "id:8": "retro_sophisticated_backpacks:backpack_obsidian"
        }
      },
      "taskID:8": "bq_standard:optional_retrieval"
    }
  }
}