{
  "preRequisites:11": [
    420003901
  ],
  "properties:10": {
    "betterquesting:10": {
      "desc:8": "本整合包自早期测试版本至今已有数个版本，在开发工作中多承各位玩家与其他开发者扶助，敬列于此，以申谢忱：\n\n§a整合包所有者/主要开发者§r：Magic_Sweepy，GateGuardian\n§9核心模组/附属模组开发者§r：Magic_Sweepy，GateGuardian，RainyYC\n§6美术支持§r：Magic_Sweepy，U.M.T\n§e文本翻译§r：Magic_Sweepy\n§2任务贡献者§r：Magic_Sweepy，Ace111，maple，河川River，llama_wei\n§d特别感谢§r：Oganesson897，vfyjxf，MCTian-mi\n\n还有若干对本整合包开发有所帮助的玩家与开发者，限于篇幅不在此处列举。\n\n§3如果你想知道所有对本整合包有所贡献的开发者，请到仓库中查阅提交记录统计以获得开发者们的信息。",
      "frame:8": "HEXAGON90",
      "icon:10": {
        "Count:3": 1,
        "id:8": "minecraft:knowledge_book"
      },
      "name:8": "§a贡献人员名单"
    }
  },
  "questID:3": 1341780904,
  "rewards:9": {
    "0:10": {
      "index:3": 0,
      "rewardID:8": "bq_standard:item",
      "rewards:9": {
        "0:10": {
          "Count:3": 1,
          "id:8": "simple_trophies:trophy",
          "tag:10": {
            "TrophyColorBlue:3": 204,
            "TrophyColorGreen:3": 119,
            "TrophyColorRed:3": 102,
            "TrophyEarnedAt:4": 0,
            "TrophyItem:10": {
              "Count:1": 1,
              "Damage:2": 0,
              "id:8": "gtlitecore:dimension_display_overworld"
            },
            "TrophyName:8": "我有一个梦想，想要与你一同见证",
            "TrophyShowsTooltip:1": 1,
            "TrophyVariant:8": "neon"
          }
        }
      }
    }
  },
  "tasks:9": {
    "0:10": {
      "index:3": 0,
      "taskID:8": "bq_standard:checkbox"
    }
  }
}