{
  "preRequisites:11": [
    2129175123
  ],
  "properties:10": {
    "betterquesting:10": {
      "desc:8": "游戏真正的开始，来砍点树吧。",
      "frame:8": "DIAMOND_ON_SQUARE",
      "icon:10": {
        "Count:3": 1,
        "id:8": "minecraft:log"
      },
      "name:8": "§6我是伐木工"
    }
  },
  "questID:3": 1360261223,
  "rewards:9": {
    "0:10": {
      "index:3": 0,
      "rewardID:8": "bq_standard:item",
      "rewards:9": {}
    }
  },
  "tasks:9": {
    "0:10": {
      "index:3": 0,
      "requiredItems:9": {
        "0:10": {
          "Count:3": 16,
          "OreDict:8": "logWood",
          "id:8": "minecraft:log"
        }
      },
      "taskID:8": "bq_standard:retrieval"
    }
  }
}