{
  "preRequisites:11": [
    1798458738
  ],
  "properties:10": {
    "betterquesting:10": {
      "desc:8": "现在，你终于能开始制作火把了。算上制作控制器需要的砖块数量，一个焦炉需要§l29§r块焦炉砖，因为这个任务将会赠送一个用于自动化交互的§b焦炉仓§r（它可以作为焦炉结构的一部分来替换焦炉砖），因此你只需要制作28块！\n\n虽然你可能已经通过挖掘一些§8煤炭§r来制作火把，但是焦炉仍旧是一个足够好的选择，无论是用来生产木炭还是焦煤，焦炉都是一个好的选择（用焦炉来烧制它们将会额外产出§6杂酚油§r，它可以帮助你为你的木头做些防腐措施！）。\n\n§3焦炉仓可以自动化焦炉的物品输入/输出，把你的箱子放在它前面吧！",
      "icon:10": {
        "Count:3": 1,
        "Damage:2": 10017,
        "id:8": "gregtech:mte"
      },
      "name:8": "§e焦炉"
    }
  },
  "questID:3": 1389636216,
  "rewards:9": {
    "0:10": {
      "index:3": 0,
      "rewardID:8": "bq_standard:item",
      "rewards:9": {
        "0:10": {
          "Count:3": 1,
          "Damage:2": 10018,
          "id:8": "gregtech:mte"
        }
      }
    }
  },
  "tasks:9": {
    "0:10": {
      "index:3": 0,
      "requiredItems:9": {
        "0:10": {
          "Count:3": 112,
          "Damage:2": 350,
          "id:8": "gregtech:meta_item_1"
        }
      },
      "taskID:8": "bq_standard:optional_retrieval"
    },
    "1:10": {
      "index:3": 1,
      "requiredItems:9": {
        "0:10": {
          "Count:3": 112,
          "Damage:2": 353,
          "id:8": "gregtech:meta_item_1"
        }
      },
      "taskID:8": "bq_standard:optional_retrieval"
    },
    "2:10": {
      "index:3": 2,
      "requiredItems:9": {
        "0:10": {
          "Count:3": 1,
          "Damage:2": 10017,
          "id:8": "gregtech:mte"
        },
        "1:10": {
          "Count:3": 24,
          "Damage:2": 8,
          "id:8": "gregtech:metal_casing"
        }
      },
      "taskID:8": "bq_standard:retrieval"
    },
    "3:10": {
      "index:3": 3,
      "requiredItems:9": {
        "0:10": {
          "Count:3": 1,
          "Damage:2": 1,
          "id:8": "gregtech:planks"
        },
        "1:10": {
          "Count:3": 1,
          "Damage:2": 319,
          "id:8": "gregtech:meta_gem"
        }
      },
      "taskID:8": "bq_standard:optional_retrieval"
    }
  }
}