{
  "preRequisites:11": [
    1027518245
  ],
  "properties:10": {
    "betterquesting:10": {
      "desc:8": "与原版流程相同，在制作完工作台后你需要制作一个熔炉，它用于熔炼矿石，烧制肉类与一些特殊的合成。与原版不同的是，在§2格雷科技§r中，熔炉无法直接烧制木炭，你需要制作出§6焦炉§r才能完成这一过程，在此之前，你可以使用§e粘性树脂§r或§8煤炭§r来代替木炭制作火把。\n\n§3这个任务会送你一些火把，希望它们能坚持到你制作出焦炉或者发现一大片煤炭矿脉。当然，如果你觉得这些太麻烦了，那么可以试试直接调整伽马值。",
      "frame:8": "STAR4_ON_SQUARE",
      "icon:10": {
        "Count:3": 1,
        "id:8": "minecraft:furnace"
      },
      "name:8": "§8熔炉"
    }
  },
  "questID:3": 1423152064,
  "rewards:9": {
    "0:10": {
      "index:3": 0,
      "rewardID:8": "bq_standard:item",
      "rewards:9": {
        "0:10": {
          "Count:3": 64,
          "id:8": "minecraft:torch"
        }
      }
    }
  },
  "tasks:9": {
    "0:10": {
      "index:3": 0,
      "requiredItems:9": {
        "0:10": {
          "Count:3": 8,
          "id:8": "minecraft:cobblestone"
        }
      },
      "taskID:8": "bq_standard:optional_retrieval"
    },
    "1:10": {
      "index:3": 1,
      "requiredItems:9": {
        "0:10": {
          "Count:3": 1,
          "id:8": "minecraft:furnace"
        }
      },
      "taskID:8": "bq_standard:retrieval"
    }
  }
}