{
  "preRequisites:11": [
    106026029
  ],
  "properties:10": {
    "betterquesting:10": {
      "desc:8": "No Description",
      "frame:8": "HEXAGON90",
      "icon:10": {
        "Count:3": 1,
        "id:8": "minecraft:diamond"
      },
      "name:8": "§b钻石"
    }
  },
  "questID:3": 1459921631,
  "tasks:9": {
    "0:10": {
      "index:3": 0,
      "requiredItems:9": {
        "0:10": {
          "Count:3": 8,
          "id:8": "minecraft:diamond"
        }
      },
      "taskID:8": "bq_standard:retrieval"
    }
  }
}