{
  "preRequisiteTypes:7": [
    2,
    2,
    0
  ],
  "preRequisites:11": [
    255525975,
    1393600928,
    96558345
  ],
  "properties:10": {
    "betterquesting:10": {
      "desc:8": "你的第一种合金，混合§6铜§r与§7锡§r来制作青铜粉，再烧制后即可得到青铜锭。\n\n青铜是§2蒸汽时代§r所需要的主要材料之一。",
      "frame:8": "STAR4_ON_SQUARE",
      "icon:10": {
        "Count:3": 1,
        "Damage:2": 260,
        "id:8": "gregtech:meta_ingot"
      },
      "name:8": "§6青铜"
    }
  },
  "questID:3": 1603276916,
  "rewards:9": {
    "0:10": {
      "choices:9": {
        "0:10": {
          "Count:3": 48,
          "Damage:2": 25,
          "id:8": "gregtech:meta_ingot"
        },
        "1:10": {
          "Count:3": 16,
          "Damage:2": 112,
          "id:8": "gregtech:meta_ingot"
        }
      },
      "index:3": 0,
      "rewardID:8": "bq_standard:choice"
    }
  },
  "tasks:9": {
    "0:10": {
      "index:3": 0,
      "requiredItems:9": {
        "0:10": {
          "Count:3": 1,
          "id:8": "gregtech:mortar",
          "tag:10": {
            "DisallowContainerItem:1": 0,
            "GT.Behaviours:10": {},
            "GT.Tool:10": {
              "AttackDamage:5": 0.0,
              "AttackSpeed:5": -2.6000001,
              "Durability:3": 0,
              "Material:8": "gregtech:wrought_iron",
              "MaxDurability:3": 383
            },
            "HideFlags:3": 2
          }
        }
      },
      "taskID:8": "bq_standard:optional_retrieval"
    },
    "1:10": {
      "index:3": 1,
      "requiredItems:9": {
        "0:10": {
          "Count:3": 48,
          "Damage:2": 25,
          "id:8": "gregtech:meta_dust"
        },
        "1:10": {
          "Count:3": 16,
          "Damage:2": 112,
          "id:8": "gregtech:meta_dust"
        }
      },
      "taskID:8": "bq_standard:optional_retrieval"
    },
    "2:10": {
      "index:3": 2,
      "requiredItems:9": {
        "0:10": {
          "Count:3": 48,
          "Damage:2": 260,
          "id:8": "gregtech:meta_ingot"
        }
      },
      "taskID:8": "bq_standard:retrieval"
    }
  }
}