{
  "properties:10": {
    "betterquesting:10": {
      "desc:8": "嗨！欢迎来到§b格雷科技精简版§r，这是一个以§2格雷科技§r为主题的整合包。如你所见，这个整合包几乎没有任何非必要的其他模组，甚至所有其他模组的配方都由格雷科技的机器负责，所以你可以尽情享受来自格雷科技的乐趣。\n\n这个整合包包括从§8石器时代§r，§6蒸汽时代§r到§e电力时代§r的所有内容，从§7低压§r到§c§l终压§r，你将会渡过§n十数§r个不同的阶段，制作不同的材料与机器，本书将会指导你完成这一壮举（当然，你也可以只把这本书作为参考）。\n\n以下列举阅读这本任务书的§a有利之处§r：\n\n（1）对于完全没有接触过§2格雷科技§r的玩家，这本书将会提供足够的机制讲解帮助你理解所有格雷科技中理论部分的内容。\n（2）整合包的所有流程的详尽指引，包括化学处理线，机器推荐，电路组件引导等；作为激励，完成这些任务将会给予玩家适当阶段奖励（如果你处于多人游戏中，每个任务的奖励每个玩家都可以获取一次）。\n\n以下则是可能造成困扰的§c有弊之处§r：\n\n（1）很多任务书中给出的选择§e并不一定§r是当前阶段的唯一选择或者必选项，甚至可能造成误导；对于足够熟悉格雷科技的玩家，一些任务又显得冗余而无参考价值，亦或者奖励并不一定足以满足你对某些复杂任务的成就感。\n（2）任务书的文字量非常大，甚至许多任务中都有可以翻页数次的长篇累牍的内容，如果你患有阅读障碍或类似的问题，你可以通过在§9模组配置§r中调整§l平滑字体§r模组的字体来配置相关的特殊字体。\n\n§3想必结合以上两点，你可以做出是否阅读本书的选择。无论你选择什么，这个整合包都能正常的进行游戏流程。除此以外，我们默认你已经熟稔于原版的游戏流程，这部分内容将不会在本书中进行过多的说明。",
      "icon:10": {
        "Count:3": 1,
        "id:8": "minecraft:grass"
      },
      "name:8": "§2你好，世界！"
    }
  },
  "questID:3": 1630806427,
  "tasks:9": {
    "0:10": {
      "index:3": 0,
      "taskID:8": "bq_standard:checkbox"
    }
  }
}