{
  "preRequisites:11": [
    278719765
  ],
  "properties:10": {
    "betterquesting:10": {
      "desc:8": "No Description",
      "icon:10": {
        "Count:3": 1,
        "id:8": "storagedrawers:basicdrawers",
        "tag:10": {
          "material:8": "oak"
        }
      },
      "name:8": "§a抽屉"
    }
  },
  "questID:3": 1640887446,
  "rewards:9": {
    "0:10": {
      "index:3": 0,
      "rewardID:8": "bq_standard:item",
      "rewards:9": {
        "0:10": {
          "Count:3": 1,
          "id:8": "storagedrawers:drawer_key"
        },
        "1:10": {
          "Count:3": 1,
          "id:8": "storagedrawers:quantify_key"
        }
      }
    }
  },
  "tasks:9": {
    "0:10": {
      "index:3": 0,
      "requiredItems:9": {
        "0:10": {
          "Count:3": 1,
          "OreDict:8": "drawerBasic",
          "id:8": "storagedrawers:basicdrawers",
          "tag:10": {
            "material:8": "oak"
          }
        }
      },
      "taskID:8": "bq_standard:retrieval"
    },
    "1:10": {
      "index:3": 1,
      "requiredItems:9": {
        "0:10": {
          "Count:3": 1,
          "id:8": "storagedrawers:framingtable"
        },
        "1:10": {
          "Count:3": 1,
          "id:8": "storagedrawers:customdrawers"
        }
      },
      "taskID:8": "bq_standard:optional_retrieval"
    },
    "2:10": {
      "index:3": 2,
      "requiredItems:9": {
        "0:10": {
          "Count:3": 1,
          "id:8": "storagedrawers:controller"
        }
      },
      "taskID:8": "bq_standard:optional_retrieval"
    }
  }
}