{
  "preRequisites:11": [
    420003901
  ],
  "properties:10": {
    "betterquesting:10": {
      "desc:8": "如你所见，有太多的按键需要使用，不同的玩家也有很多自己的键位习惯。\n\n多试试配置按键吧，你可以通过键位名称与模组名称两种方式检索按键；除此以外还可以点击§b按键精灵§r按钮打开一个键盘页面以获取更详细的配置信息，白色的按键代表此按键没有被绑定，§a绿色§r的按键代表已被绑定且没有冲突，§c红色§r的按键代表存在重复。",
      "frame:8": "HEXAGON90",
      "icon:10": {
        "Count:3": 1,
        "id:8": "minecraft:structure_void"
      },
      "name:8": "§5按键的配置"
    }
  },
  "questID:3": 165029070,
  "tasks:9": {
    "0:10": {
      "index:3": 0,
      "taskID:8": "bq_standard:checkbox"
    }
  }
}