{
  "preRequisites:11": [
    1511047056
  ],
  "properties:10": {
    "betterquesting:10": {
      "desc:8": "需要指出的是，整合包名中的§d精简版§r指的并不是游戏流程的缩短，相反，你可以看到游戏流程被§e大大延长§r了，但我们尽可能保持了简要的设计风格。\n\n对于第一次接触科技类整合包或§2格雷科技§r的玩家而言，这是个漫长的过程（对于只接触过以§4UHV§r为最大电压的格雷科技玩家也是）。如果在发展过程中感到迷茫或无法寻找目标，那么不妨试试§a寻找当前阶段的小目标§r，以此往复来向更高的电压阶段探索，这也不失为是一种乐趣。\n\n§3我们不反对玩家基于自身游戏体验对整合包的二次改造，例如修改脚本，增删模组与在游戏流程中使用作弊模式等，这都是可以理解的行为（但不允许将经过修改的整合包进行二次发布）。试试按你的想法改造这个整合包来获得更好的游戏体验吧！",
      "frame:8": "DIAMOND_ON_CROSS",
      "icon:10": {
        "Count:3": 1,
        "id:8": "minecraft:totem_of_undying"
      },
      "name:8": "§b如何寻找游戏目标？"
    }
  },
  "questID:3": 1737984276,
  "rewards:9": {
    "0:10": {
      "index:3": 0,
      "rewardID:8": "bq_standard:item",
      "rewards:9": {
        "0:10": {
          "Count:3": 1,
          "id:8": "personalworlds:personal_portal"
        }
      }
    }
  },
  "tasks:9": {
    "0:10": {
      "index:3": 0,
      "taskID:8": "bq_standard:checkbox"
    }
  }
}