{
  "preRequisiteTypes:7": [
    0,
    2
  ],
  "preRequisites:11": [
    1389636216,
    1491751386
  ],
  "properties:10": {
    "betterquesting:10": {
      "desc:8": "用于存放流体的多方块储罐，说真的，你为什么不看看那些单方块金属桶呢？\n\n§3在后续可以被升级为钢制来获取更大的存储量，但好像还是没什么用处。",
      "frame:8": "HEXAGON90",
      "icon:10": {
        "Count:3": 1,
        "Damage:2": 10043,
        "id:8": "gregtech:mte"
      },
      "name:8": "§8多方块储罐"
    }
  },
  "questID:3": 1793856059,
  "rewards:9": {
    "0:10": {
      "index:3": 0,
      "rewardID:8": "bq_standard:item",
      "rewards:9": {
        "0:10": {
          "Count:3": 4,
          "id:8": "fluiddrawers:tank"
        }
      }
    }
  },
  "tasks:9": {
    "0:10": {
      "index:3": 0,
      "requiredItems:9": {
        "0:10": {
          "Count:3": 23,
          "Damage:2": 5,
          "id:8": "gregtech:steam_casing"
        },
        "1:10": {
          "Count:3": 1,
          "Damage:2": 11523,
          "id:8": "gregtech:mte"
        }
      },
      "taskID:8": "bq_standard:optional_retrieval"
    },
    "1:10": {
      "index:3": 1,
      "requiredItems:9": {
        "0:10": {
          "Count:3": 1,
          "Damage:2": 10043,
          "id:8": "gregtech:mte"
        }
      },
      "taskID:8": "bq_standard:retrieval"
    }
  }
}