{
  "preRequisites:11": [
    2129175123
  ],
  "properties:10": {
    "betterquesting:10": {
      "desc:8": "No Description",
      "frame:8": "CIRCLE",
      "icon:10": {
        "Count:3": 1,
        "Damage:2": 9273,
        "id:8": "gtlitecore:gtlite_meta_item"
      },
      "name:8": "§2来摘点草莓"
    }
  },
  "questID:3": 1817558900,
  "tasks:9": {
    "0:10": {
      "index:3": 0,
      "taskID:8": "bq_standard:checkbox"
    },
    "1:10": {
      "index:3": 1,
      "requiredItems:9": {},
      "taskID:8": "bq_standard:optional_retrieval"
    }
  }
}