{
  "preRequisiteTypes:7": [
    2
  ],
  "preRequisites:11": [
    1793993238
  ],
  "properties:10": {
    "betterquesting:10": {
      "desc:8": "一个用于批量放置方块的工具，不同材质的§a建筑之杖§r拥有不同的最大放置方块上限，放置方块时会消耗背包与副手栏位中的对应方块。当你误触了方块放置时，可以使用§eCtrl + Z§r键或§9/wandOops§r指令可以撤销上一次的放置。\n\n§3想要建造更大范围或更灵活的图形的方块时，去看看创世神（WorldEdit）模组吧。在这里一并申明对于创世神模组造成的游戏平衡性问题的官方建议：我们建议对使用创世神不消耗方块进行放置有所抵触的玩家在使用后根据具体放置的方块数量销毁对应数量的指定方块，对此没有意见的玩家可以自由使用；如果你不想破坏游戏体验，那么就不要尝试用创世神放置不属于你当前阶段的机器或材料方块，这会严重破坏你的游戏体验。",
      "frame:8": "EMPTY",
      "icon:10": {
        "Count:3": 1,
        "id:8": "betterbuilderswands:wandstone"
      },
      "name:8": "§7让我们来建点什么"
    }
  },
  "questID:3": 1844736374,
  "rewards:9": {
    "0:10": {
      "index:3": 0,
      "rewardID:8": "bq_standard:item",
      "rewards:9": {
        "0:10": {
          "Count:3": 1,
          "id:8": "betterbuilderswands:wanddiamond"
        }
      }
    }
  },
  "tasks:9": {
    "0:10": {
      "index:3": 0,
      "requiredItems:9": {
        "0:10": {
          "Count:3": 1,
          "id:8": "betterbuilderswands:wandstone"
        }
      },
      "taskID:8": "bq_standard:retrieval"
    }
  }
}