{
  "preRequisites:11": [
    420003901
  ],
  "properties:10": {
    "betterquesting:10": {
      "desc:8": "No Description",
      "frame:8": "HEXAGON90",
      "icon:10": {
        "Count:3": 1,
        "Damage:2": 465,
        "id:8": "gregtech:meta_item_1"
      },
      "name:8": "§dGregOS™平板电脑使用说明书"
    }
  },
  "questID:3": 1871154635,
  "rewards:9": {
    "0:10": {
      "index:3": 0,
      "rewardID:8": "bq_standard:item",
      "rewards:9": {
        "0:10": {
          "Count:3": 1,
          "Damage:2": 465,
          "id:8": "gregtech:meta_item_1"
        }
      }
    }
  },
  "tasks:9": {
    "0:10": {
      "index:3": 0,
      "taskID:8": "bq_standard:checkbox"
    }
  }
}