{
  "preRequisites:11": [
    2129175123
  ],
  "properties:10": {
    "betterquesting:10": {
      "desc:8": "No Description",
      "frame:8": "CIRCLE",
      "icon:10": {
        "Count:3": 1,
        "id:8": "gregtech:rubber_sapling"
      },
      "name:8": "§a树上的男爵"
    }
  },
  "questID:3": 1923623380,
  "tasks:9": {
    "0:10": {
      "index:3": 0,
      "taskID:8": "bq_standard:checkbox"
    },
    "1:10": {
      "index:3": 1,
      "requiredItems:9": {
        "0:10": {
          "Count:3": 1,
          "id:8": "gregtech:rubber_sapling"
        },
        "1:10": {
          "Count:3": 1,
          "id:8": "gtlitecore:sapling_0"
        },
        "2:10": {
          "Count:3": 1,
          "Damage:2": 2,
          "id:8": "gtlitecore:sapling_0"
        },
        "3:10": {
          "Count:3": 1,
          "Damage:2": 4,
          "id:8": "gtlitecore:sapling_0"
        },
        "4:10": {
          "Count:3": 1,
          "Damage:2": 6,
          "id:8": "gtlitecore:sapling_0"
        },
        "5:10": {
          "Count:3": 1,
          "Damage:2": 8,
          "id:8": "gtlitecore:sapling_0"
        },
        "6:10": {
          "Count:3": 1,
          "Damage:2": 10,
          "id:8": "gtlitecore:sapling_0"
        },
        "7:10": {
          "Count:3": 1,
          "Damage:2": 12,
          "id:8": "gtlitecore:sapling_0"
        },
        "8:10": {
          "Count:3": 1,
          "Damage:2": 14,
          "id:8": "gtlitecore:sapling_0"
        },
        "9:10": {
          "Count:3": 1,
          "id:8": "gtlitecore:sapling_1"
        },
        "10:10": {
          "Count:3": 1,
          "Damage:2": 2,
          "id:8": "gtlitecore:sapling_1"
        }
      },
      "taskID:8": "bq_standard:optional_retrieval"
    }
  }
}