{
  "preRequisites:11": [
    420003901
  ],
  "properties:10": {
    "betterquesting:10": {
      "desc:8": "计算材料的消耗是个麻烦事，来试试在§a聊天栏内进行计算§r吧。\n\n当使用§e\u003d§r作为前缀时，你可以在聊天栏内进行数学计算，具体的符号表如下：\n\n§b四则运算§r：§e+§r、§e-§r、§ex§r、§e/§r；\n§b取模§r：§e%§r；\n§b取幂§r：§e^§r；\n§b括号§r：§e(§r、§e)§r；\n§b自然常数§r：§ee§r；\n§b圆周率§r：§epi§r；\n§b开方§r：§esqrt()§r；\n§b以10为底的对数§r：§elog()§r；\n§b以e为底的对数§r：§eln()§r；\n§b三角函数§r：§esin()§r、§ecos()§r、§etan()§r\n§b反三角函数§r：§easin()§r、§eacos()§r、§eatan()§r\n§b取小数点后n位§r：§e,places\u003dn§r；\n§b玩家坐标§r：§ex§r、§ey§r、§ez§r。",
      "frame:8": "HEXAGON90",
      "icon:10": {
        "Count:3": 1,
        "id:8": "minecraft:sign"
      },
      "name:8": "§9用聊天框来计算！"
    }
  },
  "questID:3": 1924469732,
  "tasks:9": {
    "0:10": {
      "index:3": 0,
      "taskID:8": "bq_standard:checkbox"
    }
  }
}