{
  "preRequisites:11": [
    106026029
  ],
  "properties:10": {
    "betterquesting:10": {
      "desc:8": "记得别把§c红宝石矿石§r丢掉，在后面你还需要它们来制造出一些铬。\n\n§3你暂时没法发展红石计划！去发展科技到蒸汽阶段制造出蒸汽合金炉来制作红色合金吧，这会解锁红石计划的传导部分和一系列基础内容。",
      "frame:8": "HEXAGON90",
      "icon:10": {
        "Count:3": 1,
        "id:8": "minecraft:redstone"
      },
      "name:8": "§4红石"
    }
  },
  "questID:3": 1941164425,
  "tasks:9": {
    "0:10": {
      "index:3": 0,
      "requiredItems:9": {
        "0:10": {
          "Count:3": 64,
          "id:8": "minecraft:redstone"
        }
      },
      "taskID:8": "bq_standard:retrieval"
    }
  }
}