{
  "preRequisites:11": [
    96558345
  ],
  "properties:10": {
    "betterquesting:10": {
      "desc:8": "把那些多余的杂酚油丢进流体垃圾桶！",
      "frame:8": "CIRCLE",
      "icon:10": {
        "Count:3": 1,
        "id:8": "trashcans:item_trash_can"
      },
      "name:8": "§8销毁不必要的东西"
    }
  },
  "questID:3": 1973931676,
  "tasks:9": {
    "0:10": {
      "index:3": 0,
      "requiredItems:9": {
        "0:10": {
          "Count:3": 1,
          "id:8": "trashcans:item_trash_can"
        }
      },
      "taskID:8": "bq_standard:retrieval"
    },
    "1:10": {
      "index:3": 1,
      "requiredItems:9": {
        "0:10": {
          "Count:3": 1,
          "id:8": "trashcans:liquid_trash_can"
        },
        "1:10": {
          "Count:3": 1,
          "id:8": "trashcans:energy_trash_can"
        },
        "2:10": {
          "Count:3": 1,
          "id:8": "trashcans:ultimate_trash_can"
        }
      },
      "taskID:8": "bq_standard:optional_retrieval"
    }
  }
}