{
  "preRequisites:11": [
    106026029
  ],
  "properties:10": {
    "betterquesting:10": {
      "desc:8": "No Descriptio",
      "frame:8": "HEXAGON90",
      "icon:10": {
        "Count:3": 1,
        "id:8": "minecraft:coal"
      },
      "name:8": "§8煤炭"
    }
  },
  "questID:3": 1996729176,
  "tasks:9": {
    "0:10": {
      "index:3": 0,
      "requiredItems:9": {
        "0:10": {
          "Count:3": 64,
          "id:8": "minecraft:coal"
        }
      },
      "taskID:8": "bq_standard:retrieval"
    }
  }
}