{
  "preRequisites:11": [
    1630806427
  ],
  "properties:10": {
    "betterquesting:10": {
      "desc:8": "格雷科技是一个老牌科技模组，这个整合包的主旨是§6使用格雷科技式的模式平衡整个游戏中的内容§r，令其足够“§3格雷化§r”的同时保持精简和简便。本整合包对格雷科技的内容与其他辅助内容均做了大量的精简，例如整体调高电路板的产出量，重平衡一些化工产线，删去§d应用能源§r的模板，陨石生成与其所有机器，删去§2末影接口§r的所有材料等。\n\n作为科技模组，§2格雷科技§r的特色是工厂自动化，错综复杂的物流与各式各样的材料，方块与机器，从作为§b工业时代2§r的附属模组至今，格雷科技在众多科技模组中历久弥新；本整合包基于§e格雷科技社区版非官方版§r开发，使用整合包独占的核心模组作为内容补充。\n\n§3这个整合包可以全程使用和平模式游玩！你也可以选择使用其他模式，小心来自怪物的骚扰！",
      "frame:8": "EMPTY",
      "icon:10": {
        "Count:3": 1,
        "Damage:2": 1003,
        "id:8": "gregtech:meta_item_1"
      },
      "name:8": "§b欢迎来到格雷科技的世界！"
    }
  },
  "questID:3": 2129175123,
  "rewards:9": {
    "0:10": {
      "index:3": 0,
      "rewardID:8": "bq_standard:item",
      "rewards:9": {
        "0:10": {
          "Count:3": 1,
          "Damage:2": 467,
          "id:8": "gregtech:meta_item_1",
          "tag:10": {
            "Charge:4": 1600000
          }
        }
      }
    }
  },
  "tasks:9": {
    "0:10": {
      "index:3": 0,
      "taskID:8": "bq_standard:checkbox"
    }
  }
}