{
  "preRequisites:11": [
    96558345
  ],
  "properties:10": {
    "betterquesting:10": {
      "desc:8": "板条箱是在各种方面都比箱子更加优秀的存储设备，它不仅有§a不同材料的多个版本§r，还有许多有用的特性。板条箱拥有§2更加良好的交互支持§r，比箱子更多的容量，以及§e可以紧贴放置§r与§e不需要担心顶头方块阻挡§r这两个特性。\n\n如果你游玩过高版本的Minecraft，你应该知道一个叫“§6木桶§r”的存储设备，板条箱的功能与作用在各种意义上与它类似。\n\n§3来试试末影设备的手推车吧，它起到搬箱器的作用，有了它，你不需要使用格雷科技原版的胶带来封住板条箱再进行搬运了。右键点击板条箱以搬起它，朝你想要放下它的地方右键以放置。",
      "frame:8": "DIAMOND_ON_SQUARE",
      "icon:10": {
        "Count:3": 1,
        "Damage:2": 5625,
        "id:8": "gregtech:mte"
      },
      "name:8": "§2板条箱 —— 比更多箱子更好！"
    }
  },
  "questID:3": 228479367,
  "rewards:9": {
    "0:10": {
      "index:3": 0,
      "rewardID:8": "bq_standard:item",
      "rewards:9": {
        "0:10": {
          "Count:3": 4,
          "Damage:2": 2030,
          "id:8": "gtlitecore:mte"
        },
        "1:10": {
          "Count:3": 1,
          "id:8": "enderutilities:dolly"
        }
      }
    }
  },
  "tasks:9": {
    "0:10": {
      "index:3": 0,
      "requiredItems:9": {
        "0:10": {
          "Count:3": 4,
          "Damage:2": 51,
          "id:8": "gregtech:meta_plate"
        },
        "1:10": {
          "Count:3": 8,
          "Damage:2": 51,
          "id:8": "gregtech:meta_stick"
        }
      },
      "taskID:8": "bq_standard:optional_retrieval"
    },
    "1:10": {
      "index:3": 2,
      "requiredItems:9": {
        "0:10": {
          "Count:3": 4,
          "Damage:2": 51,
          "id:8": "gregtech:meta_stick_long"
        }
      },
      "taskID:8": "bq_standard:optional_retrieval"
    },
    "2:10": {
      "index:3": 3,
      "requiredItems:9": {
        "0:10": {
          "Count:3": 1,
          "Damage:2": 2026,
          "id:8": "gtlitecore:mte"
        }
      },
      "taskID:8": "bq_standard:retrieval"
    }
  }
}