{
  "preRequisites:11": [
    106026029
  ],
  "properties:10": {
    "betterquesting:10": {
      "desc:8": "合金的好帮手，你能在游戏流程的各种时期看到各种含镍的合金。一些其他模组的工具也需要镍制的零部件参与合成，这是种性能优异的金属材料。\n\n挖掘镍时常会伴生一些§9钴§r矿，它被用于后续的一些合成与合金中。",
      "frame:8": "HEXAGON90",
      "icon:10": {
        "Count:3": 1,
        "Damage:2": 69,
        "id:8": "gregtech:meta_ingot"
      },
      "name:8": "§d镍"
    }
  },
  "questID:3": 379067085,
  "rewards:9": {
    "0:10": {
      "index:3": 0,
      "rewardID:8": "bq_standard:item",
      "rewards:9": {
        "0:10": {
          "Count:3": 64,
          "id:8": "gregtech:ore_nickel_0"
        }
      }
    }
  },
  "tasks:9": {
    "0:10": {
      "index:3": 0,
      "requiredItems:9": {
        "0:10": {
          "Count:3": 64,
          "Damage:2": 69,
          "id:8": "gregtech:meta_ingot"
        }
      },
      "taskID:8": "bq_standard:retrieval"
    }
  }
}