{
  "preRequisites:11": [
    1798458738
  ],
  "properties:10": {
    "betterquesting:10": {
      "desc:8": "将粘土塑形为砖形状后烧制即可得到红砖，它很美观也很有用。",
      "frame:8": "HEXAGON90",
      "icon:10": {
        "Count:3": 1,
        "id:8": "minecraft:brick_block"
      },
      "name:8": "§c红砖"
    }
  },
  "questID:3": 414711137,
  "rewards:9": {
    "0:10": {
      "index:3": 0,
      "rewardID:8": "bq_standard:item",
      "rewards:9": {
        "0:10": {
          "Count:3": 16,
          "id:8": "minecraft:brick_block"
        }
      }
    }
  },
  "tasks:9": {
    "0:10": {
      "index:3": 0,
      "requiredItems:9": {
        "0:10": {
          "Count:3": 8,
          "Damage:2": 349,
          "id:8": "gregtech:meta_item_1"
        }
      },
      "taskID:8": "bq_standard:optional_retrieval"
    },
    "1:10": {
      "index:3": 1,
      "requiredItems:9": {
        "0:10": {
          "Count:3": 8,
          "id:8": "minecraft:brick"
        }
      },
      "taskID:8": "bq_standard:optional_retrieval"
    },
    "2:10": {
      "index:3": 2,
      "requiredItems:9": {
        "0:10": {
          "Count:3": 2,
          "id:8": "minecraft:brick_block"
        }
      },
      "taskID:8": "bq_standard:retrieval"
    }
  }
}