{
  "preRequisites:11": [
    1630806427
  ],
  "properties:10": {
    "betterquesting:10": {
      "desc:8": "这本任务书基于§7更好的任务§r模组编写，在遇到一些情况（例如无法正常完成任务与版本更新）时，可能会需要对其进行调整，在此时你可以参考§5以下的命令§r来完成：\n\n§b/bq_admin default load§r\n用于更新任务书内容，当整合包版本更新时，你可以使用它重载任务库；你原本的任务进程不会被刷新，因为这存储于你的存档中。为了避免任务出现问题，最好在每次更新版本后都重载一次。\n\n§b/bq_admin default save§r\n用于在编辑任务书内容后将其保存。\n\n§b/bq_admin edit§r\n用于开关编辑模式。当你遇到一些异常情况时，你可以选择用它来修改，也可以对任务进行编辑以符合个人的想法。\n\n§b/bq_admin reset all \u003c玩家名\u003e§r\n用于重置指定玩家的所有任务进度。\n\n§b/bq_admin reset \u003c任务ID\u003e \u003c玩家名\u003e§r\n用于重置指定玩家的某个任务，由任务ID指定，你可以通过右键任务图标并点击“分享到聊天栏§r”来查看任务ID。\n\n§b/bq_admin complete \u003c任务ID\u003e \u003c玩家名\u003e§r\n用于完成指定玩家的某个任务，由任务ID指定，在你已经完成任务目标，但任务完成异常时，你可以使用这个指令。\n\n§3如果你更换了账号后重新进去存档游玩，那么你的任务数据将会丢失，为了恢复数据，请进入存档文件夹中的betterquesting文件夹，调整其中用于保存玩家数据的NameCache.json文件：将原本账号的UUID对应的移动到你的新账号上；建议你使用正版账号或LittleSkin皮肤站账号，或者能够手动设置UUID的启动器来进行游戏，以免非必要的UUID更动造成的影响",
      "frame:8": "HEXAGON90",
      "icon:10": {
        "Count:3": 1,
        "id:8": "minecraft:writable_book"
      },
      "name:8": "§a如何阅读和使用任务书？"
    }
  },
  "questID:3": 420003901,
  "tasks:9": {
    "0:10": {
      "index:3": 0,
      "taskID:8": "bq_standard:checkbox"
    }
  }
}