{
  "preRequisites:11": [
    2129175123
  ],
  "properties:10": {
    "betterquesting:10": {
      "desc:8": "§a如果你遇到了整合包中的问题，请积极与我们沟通！§r于我们的代码仓库中的议题部分提出你的问题，并详细地说明问题是如何产生的以帮助我们修复这些问题。\n\n反馈渠道：§9§nhttps://gitlab.com/gregtech-lite/gregtech-lite-modpack/-/issues§r\n\n如果你遇到的问题是关于§6格雷科技社区版非官方版§r（即非整合包核心模组与整合包游戏玩法部分）的问题，请与该模组的开发者进行沟通（请不要因为整合包问题打扰他们，也不要在我们的代码仓库中提出关于该模组的问题，我们将不会受理这部分问题反馈）：\n\n反馈渠道：§9§nhttps://github.com/GregTechCEu/GregTech/issue§r\n\n整合包中还有一些模组是我们维护的版本，例如§3末影接口§r，请于我们的分支版本的代码仓库中反馈相关的问题。",
      "frame:8": "CIRCLE",
      "icon:10": {
        "Count:3": 1,
        "id:8": "betterquesting:placeholder"
      },
      "name:8": "§9我该如何获取帮助？"
    }
  },
  "questID:3": 677875894,
  "tasks:9": {
    "0:10": {
      "index:3": 0,
      "taskID:8": "bq_standard:checkbox"
    }
  }
}