{
  "preRequisites:11": [
    96558345
  ],
  "properties:10": {
    "betterquesting:10": {
      "desc:8": "基础的流体容器，可以容纳你能想象的一切容器。",
      "frame:8": "CIRCLE",
      "icon:10": {
        "Count:3": 1,
        "id:8": "minecraft:bucket"
      },
      "name:8": "§f桶"
    }
  },
  "questID:3": 718682057,
  "rewards:9": {
    "0:10": {
      "choices:9": {
        "0:10": {
          "Count:3": 4,
          "id:8": "minecraft:bucket"
        },
        "1:10": {
          "Count:3": 12,
          "Damage:2": 51,
          "id:8": "gregtech:meta_plate"
        }
      },
      "index:3": 0,
      "rewardID:8": "bq_standard:choice"
    }
  },
  "tasks:9": {
    "0:10": {
      "index:3": 0,
      "requiredItems:9": {
        "0:10": {
          "Count:3": 3,
          "Damage:2": 51,
          "id:8": "gregtech:meta_plate"
        }
      },
      "taskID:8": "bq_standard:optional_retrieval"
    },
    "1:10": {
      "index:3": 1,
      "requiredItems:9": {
        "0:10": {
          "Count:3": 1,
          "id:8": "minecraft:bucket"
        }
      },
      "taskID:8": "bq_standard:retrieval"
    }
  }
}