{
  "preRequisites:11": [
    106026029
  ],
  "properties:10": {
    "betterquesting:10": {
      "desc:8": "与金同属贵金属的另一种金属材料，常见于§e方铅矿-铅矿-银矿矿脉§r中。",
      "frame:8": "HEXAGON90",
      "icon:10": {
        "Count:3": 1,
        "Damage:2": 100,
        "id:8": "gregtech:meta_ingot"
      },
      "name:8": "§f银"
    }
  },
  "questID:3": 967188758,
  "rewards:9": {
    "0:10": {
      "index:3": 0,
      "rewardID:8": "bq_standard:item",
      "rewards:9": {
        "0:10": {
          "Count:3": 64,
          "id:8": "gregtech:ore_silver_0"
        }
      }
    }
  },
  "tasks:9": {
    "0:10": {
      "index:3": 0,
      "requiredItems:9": {
        "0:10": {
          "Count:3": 64,
          "Damage:2": 100,
          "id:8": "gregtech:meta_ingot"
        }
      },
      "taskID:8": "bq_standard:retrieval"
    }
  }
}