{
  "preRequisites:11": [
    621014539
  ],
  "properties:10": {
    "betterquesting:10": {
      "desc:8": "No Description",
      "frame:8": "HEXAGON90",
      "icon:10": {
        "Count:3": 1,
        "Damage:2": 10009,
        "id:8": "gtlitecore:mte"
      },
      "name:8": "§c§c§l热冷却液涡轮"
    }
  },
  "questID:3": 1213995634,
  "tasks:9": {
    "0:10": {
      "index:3": 0,
      "requiredItems:9": {},
      "taskID:8": "bq_standard:optional_retrieval"
    },
    "1:10": {
      "index:3": 1,
      "requiredItems:9": {
        "0:10": {
          "Count:3": 1,
          "Damage:2": 10009,
          "id:8": "gtlitecore:mte"
        }
      },
      "taskID:8": "bq_standard:retrieval"
    }
  }
}