{
  "preRequisites:11": [
    165361007,
    892806362
  ],
  "properties:10": {
    "betterquesting:10": {
      "desc:8": "No Description",
      "frame:8": "DIAMOND_ON_SQUARE",
      "icon:10": {
        "Count:3": 1,
        "Damage:2": 988,
        "id:8": "gregtech:mte"
      },
      "name:8": "§e§l高压"
    }
  },
  "questID:3": 1398529010,
  "rewards:9": {
    "0:10": {
      "index:3": 0,
      "rewardID:8": "bq_standard:item",
      "rewards:9": {
        "0:10": {
          "Count:3": 1,
          "id:8": "simple_trophies:trophy",
          "tag:10": {
            "TrophyColorBlue:3": 30,
            "TrophyColorGreen:3": 255,
            "TrophyColorRed:3": 255,
            "TrophyEarnedAt:4": 0,
            "TrophyItem:10": {
              "Count:1": 1,
              "Damage:2": 988,
              "id:8": "gregtech:mte"
            },
            "TrophyName:8": "高压",
            "TrophyShowsTooltip:1": 1,
            "TrophyVariant:8": "neon"
          }
        }
      }
    },
    "1:10": {
      "index:3": 1,
      "rewardID:8": "bq_standard:item",
      "rewards:9": {
        "0:10": {
          "Count:3": 64,
          "Damage:2": 323,
          "id:8": "gregtech:meta_ingot"
        }
      }
    }
  },
  "tasks:9": {
    "0:10": {
      "index:3": 0,
      "requiredItems:9": {
        "0:10": {
          "Count:3": 1,
          "Damage:2": 988,
          "id:8": "gregtech:mte"
        }
      },
      "taskID:8": "bq_standard:retrieval"
    }
  }
}