{
  "preRequisiteTypes:7": [
    2,
    2,
    2
  ],
  "preRequisites:11": [
    1856935055,
    194896510,
    740430162
  ],
  "properties:10": {
    "betterquesting:10": {
      "desc:8": "No Description",
      "frame:8": "HEXAGON90",
      "icon:10": {
        "Count:3": 1,
        "Damage:2": 638,
        "id:8": "gregtech:mte"
      },
      "name:8": "§9极小尺度电路组装"
    }
  },
  "questID:3": 1203902884,
  "tasks:9": {
    "0:10": {
      "index:3": 0,
      "requiredItems:9": {
        "0:10": {
          "Count:3": 1,
          "Damage:2": 638,
          "id:8": "gregtech:mte"
        }
      },
      "taskID:8": "bq_standard:retrieval"
    }
  }
}