{
  "preRequisiteTypes:7": [
    2,
    2
  ],
  "preRequisites:11": [
    1193316526,
    1949954841
  ],
  "properties:10": {
    "betterquesting:10": {
      "desc:8": "No Description",
      "frame:8": "SQUARE",
      "icon:10": {
        "Count:3": 1,
        "Damage:2": 235,
        "id:8": "gregtech:meta_item_1"
      },
      "name:8": "§5§l传感器 #4"
    }
  },
  "questID:3": 1247776567,
  "tasks:9": {
    "0:10": {
      "index:3": 0,
      "requiredItems:9": {
        "0:10": {
          "Count:3": 1,
          "Damage:2": 235,
          "id:8": "gregtech:meta_item_1"
        }
      },
      "taskID:8": "bq_standard:retrieval"
    }
  }
}