{
  "preRequisiteTypes:7": [
    2,
    2
  ],
  "preRequisites:11": [
    1856935055,
    372410605
  ],
  "properties:10": {
    "betterquesting:10": {
      "desc:8": "No Description",
      "frame:8": "HEXAGON90",
      "icon:10": {
        "Count:3": 1,
        "Damage:2": 246,
        "id:8": "gtlitecore:mte"
      },
      "name:8": "§a我不需要那些化学产线"
    }
  },
  "questID:3": 1364447561,
  "tasks:9": {
    "0:10": {
      "index:3": 0,
      "requiredItems:9": {
        "0:10": {
          "Count:3": 1,
          "Damage:2": 246,
          "id:8": "gtlitecore:mte"
        }
      },
      "taskID:8": "bq_standard:retrieval"
    }
  }
}