{
  "preRequisites:11": [
    1193316526
  ],
  "properties:10": {
    "betterquesting:10": {
      "desc:8": "你可以在主世界中的§3斜锆石矿脉§r与末地中的§4锆石矿脉§r中的矿石中提取§b锆§r，区别是后者比前者需要多处理一步，但可以额外提取出一些§8铪§r。\n\n将§3斜锆石粉§r与碳粉投入通入§2氯气§r的§6化学反应釜§r中反应即可获得§e四氯化锆粉§r，随后将其与镁粉一起投入§6电力高炉§r，就像你对§d四氯化钛§r做的那样，最后将§3热锆锭§r冷却即可得到§b锆锭§r。",
      "frame:8": "DIAMOND",
      "icon:10": {
        "Count:3": 1,
        "Damage:2": 270,
        "id:8": "gregtech:meta_gem"
      },
      "name:8": "§c锆处理"
    }
  },
  "questID:3": 1769267826,
  "rewards:9": {
    "0:10": {
      "choices:9": {
        "0:10": {
          "Count:3": 64,
          "Damage:2": 2,
          "id:8": "gregtech:ore_zircon_0"
        },
        "1:10": {
          "Count:3": 64,
          "Damage:2": 2,
          "id:8": "gregtech:ore_baddeleyite_0"
        }
      },
      "index:3": 0,
      "rewardID:8": "bq_standard:choice"
    }
  },
  "tasks:9": {
    "0:10": {
      "index:3": 0,
      "requiredItems:9": {
        "0:10": {
          "Count:3": 6,
          "Damage:2": 270,
          "id:8": "gregtech:meta_dust"
        },
        "1:10": {
          "Count:3": 3,
          "Damage:2": 2029,
          "id:8": "gtlitecore:meta_dust"
        }
      },
      "taskID:8": "bq_standard:optional_retrieval"
    },
    "1:10": {
      "index:3": 1,
      "requiredItems:9": {
        "0:10": {
          "Count:3": 5,
          "Damage:2": 349,
          "id:8": "gregtech:meta_dust"
        }
      },
      "taskID:8": "bq_standard:optional_retrieval"
    },
    "2:10": {
      "index:3": 2,
      "requiredItems:9": {
        "0:10": {
          "Count:3": 1,
          "Damage:2": 123,
          "id:8": "gregtech:meta_ingot"
        }
      },
      "taskID:8": "bq_standard:retrieval"
    }
  }
}