{
  "preRequisites:11": [
    691724733,
    1425164372,
    1508538392
  ],
  "properties:10": {
    "betterquesting:10": {
      "desc:8": "No Description",
      "frame:8": "GEAR",
      "icon:10": {
        "Count:3": 1,
        "Damage:2": 281,
        "id:8": "gregtech:meta_item_1"
      },
      "name:8": "§d量子之眼"
    }
  },
  "questID:3": 1949954841,
  "tasks:9": {
    "0:10": {
      "index:3": 0,
      "requiredItems:9": {
        "0:10": {
          "Count:3": 1,
          "Damage:2": 281,
          "id:8": "gregtech:meta_item_1"
        }
      },
      "taskID:8": "bq_standard:retrieval"
    }
  }
}