{
  "preRequisites:11": [
    1782299287
  ],
  "properties:10": {
    "betterquesting:10": {
      "desc:8": "别让那些辐射钻出去...",
      "icon:10": {
        "Count:3": 1,
        "Damage:2": 10,
        "id:8": "gtlitecore:glass_casing_02"
      },
      "name:8": "§8抗辐射玻璃"
    }
  },
  "questID:3": 1953466077,
  "tasks:9": {
    "0:10": {
      "index:3": 1,
      "requiredItems:9": {
        "0:10": {
          "Count:3": 24,
          "Damage:2": 10,
          "id:8": "gtlitecore:glass_casing_02"
        }
      },
      "taskID:8": "bq_standard:retrieval"
    }
  }
}