{
  "preRequisites:11": [
    740430162,
    194896510
  ],
  "properties:10": {
    "betterquesting:10": {
      "desc:8": "No Description\n\n\n§3大型采矿场与大型流体钻机都可以制作了，如果你觉得挖矿或者抽取流体的速度还不够快，那么试试升级它们吧，不过你或许需要等到能源仓也升级到对应阶段再说？",
      "frame:8": "HEXAGON90",
      "icon:10": {
        "Count:3": 1,
        "Damage:2": 113,
        "id:8": "gregtech:mte"
      },
      "name:8": "§d数字化组装机"
    }
  },
  "questID:3": 2111386174,
  "tasks:9": {
    "0:10": {
      "index:3": 0,
      "taskID:8": "bq_standard:checkbox"
    },
    "1:10": {
      "index:3": 1,
      "requiredItems:9": {
        "0:10": {
          "Count:3": 1,
          "Damage:2": 113,
          "id:8": "gregtech:mte"
        }
      },
      "taskID:8": "bq_standard:optional_retrieval"
    }
  }
}