{
  "preRequisites:11": [
    1364447561,
    1037440278
  ],
  "properties:10": {
    "betterquesting:10": {
      "desc:8": "No Description",
      "frame:8": "DIAGONAL_CROSS_ON_DIAMOND",
      "icon:10": {
        "Count:3": 1,
        "id:8": "forge:bucketfilled",
        "tag:10": {
          "Amount:3": 1000,
          "FluidName:8": "uu_matter"
        }
      },
      "name:8": "§5现在，拿回真正的UU物质"
    }
  },
  "questID:3": 284636368,
  "tasks:9": {
    "0:10": {
      "index:3": 0,
      "requiredFluids:9": {
        "0:10": {
          "Amount:3": 1000,
          "FluidName:8": "uu_matter"
        }
      },
      "taskID:8": "bq_standard:fluid"
    }
  }
}