{
  "preRequisiteTypes:7": [
    2,
    2
  ],
  "preRequisites:11": [
    1856935055,
    1247776567
  ],
  "properties:10": {
    "betterquesting:10": {
      "desc:8": "No Description",
      "frame:8": "EMPTY",
      "icon:10": {
        "Count:3": 1,
        "Damage:2": 10012,
        "id:8": "gtlitecore:mte"
      },
      "name:8": "§d§l化学气相沉积（CVD）"
    }
  },
  "questID:3": 370628568,
  "tasks:9": {
    "0:10": {
      "index:3": 0,
      "requiredItems:9": {},
      "taskID:8": "bq_standard:optional_retrieval"
    },
    "1:10": {
      "index:3": 1,
      "requiredItems:9": {
        "0:10": {
          "Count:3": 1,
          "Damage:2": 10012,
          "id:8": "gtlitecore:mte"
        }
      },
      "taskID:8": "bq_standard:retrieval"
    }
  }
}