{
  "preRequisites:11": [
    1193316526
  ],
  "properties:10": {
    "betterquesting:10": {
      "desc:8": "相信你也注意到了，从这个阶段开始单方块机器对应的§6大型机器§r越来越多，这自然而然产生了一个问题：§2我们真的需要制作单方块机器吗？§r答案是否定的，你可以使用§e能源仓的升级§r来完成这个过程：§a大部分大型机器都支持双仓升压§r，你只需要更换能源仓就好了。\n\n因此，从本章节开始的后续主线章节中的单方块机器§b仅作为图标与可选项§r，绝大多数任务都不会要求你制作它们，除了一些大型机器形态比较靠后的，比如我们常用的§6电路组装机§r。很遗憾地告诉你，它将在§dLuV§r阶段被淘汰，而这离你还很远。总之，相信经过了这么多阶段的你已经能熟练的掌握这些内容了。\n\n§3别害怕！做你想做的机器就可以，虽然大型机器也很厉害，但是如果你正在完成诸如“不使用大型机器”挑战等高难度的玩法，那么祝你好运！",
      "frame:8": "JAGGED",
      "icon:10": {
        "Count:3": 1,
        "id:8": "betterquesting:placeholder"
      },
      "name:8": "§a关于单方块机器的提示"
    }
  },
  "questID:3": 433414213,
  "tasks:9": {
    "0:10": {
      "index:3": 0,
      "taskID:8": "bq_standard:checkbox"
    }
  }
}