{
  "preRequisiteTypes:7": [
    2,
    2
  ],
  "preRequisites:11": [
    194896510,
    1934932928
  ],
  "properties:10": {
    "betterquesting:10": {
      "desc:8": "No Description",
      "frame:8": "HEXAGON90",
      "icon:10": {
        "Count:3": 1,
        "Damage:2": 203,
        "id:8": "gregtech:mte"
      },
      "name:8": "§2深度浸渍装置"
    }
  },
  "questID:3": 613890771,
  "tasks:9": {
    "0:10": {
      "index:3": 0,
      "requiredItems:9": {
        "0:10": {
          "Count:3": 1,
          "Damage:2": 203,
          "id:8": "gregtech:mte"
        }
      },
      "taskID:8": "bq_standard:retrieval"
    }
  }
}