{
  "preRequisites:11": [
    1651676736,
    2111386174
  ],
  "properties:10": {
    "betterquesting:10": {
      "desc:8": "No Description",
      "frame:8": "DIAMOND_ON_SQUARE",
      "icon:10": {
        "Count:3": 1,
        "Damage:2": 11124,
        "id:8": "gregtech:mte"
      },
      "name:8": "§e§l让能量再升一级"
    }
  },
  "questID:3": 69693529,
  "tasks:9": {
    "0:10": {
      "index:3": 0,
      "requiredItems:9": {
        "0:10": {
          "Count:3": 1,
          "Damage:2": 11124,
          "id:8": "gregtech:mte"
        }
      },
      "taskID:8": "bq_standard:retrieval"
    },
    "1:10": {
      "index:3": 1,
      "requiredItems:9": {
        "0:10": {
          "Count:3": 1,
          "Damage:2": 11139,
          "id:8": "gregtech:mte"
        }
      },
      "taskID:8": "bq_standard:optional_retrieval"
    },
    "2:10": {
      "index:3": 2,
      "requiredItems:9": {
        "0:10": {
          "Count:3": 1,
          "Damage:2": 11154,
          "id:8": "gregtech:mte"
        },
        "1:10": {
          "Count:3": 1,
          "Damage:2": 11184,
          "id:8": "gregtech:mte"
        },
        "2:10": {
          "Count:3": 1,
          "Damage:2": 11214,
          "id:8": "gregtech:mte"
        }
      },
      "taskID:8": "bq_standard:optional_retrieval"
    },
    "3:10": {
      "index:3": 3,
      "requiredItems:9": {
        "0:10": {
          "Count:3": 1,
          "Damage:2": 11169,
          "id:8": "gregtech:mte"
        },
        "1:10": {
          "Count:3": 1,
          "Damage:2": 11199,
          "id:8": "gregtech:mte"
        },
        "2:10": {
          "Count:3": 1,
          "Damage:2": 11229,
          "id:8": "gregtech:mte"
        }
      },
      "taskID:8": "bq_standard:optional_retrieval"
    }
  }
}