{
  "preRequisites:11": [
    1658935733
  ],
  "properties:10": {
    "betterquesting:10": {
      "desc:8": "构建你的§2核裂变反应堆的外壳材料§r，反应堆专用合金之一。",
      "frame:8": "PRICKLE",
      "icon:10": {
        "Count:3": 1,
        "Damage:2": 450,
        "id:8": "gregtech:meta_ingot"
      },
      "name:8": "§9镍铬基合金-718"
    }
  },
  "questID:3": 729670294,
  "tasks:9": {
    "0:10": {
      "index:3": 0,
      "requiredItems:9": {
        "0:10": {
          "Count:3": 1,
          "Damage:2": 450,
          "id:8": "gregtech:meta_ingot"
        }
      },
      "taskID:8": "bq_standard:retrieval"
    }
  }
}